{"stat.walkOneCm":15328,"stat.killEntity.phyg":2,"stat.drop.botania.flower":1,"stat.leaveGame":3,"stat.drop.mysticalworld.silver_helmet":1,"stat.drop.erebus.wand_of_preservation":1,"stat.jump":34,"stat.drop.iceandfire.dragonsteel_fire_sword":1,"stat.drop.mysticalworld.silver_boots":1,"stat.climbOneCm":834,"stat.pickup.minecraft.porkchop":3,"stat.useItem.erebus.max_speed_bow":51,"stat.crouchOneCm":6,"stat.drop.mysticalworld.silver_chestplate":1,"stat.sprintOneCm":682,"stat.useItem.minecraft.stone_slab2":1,"stat.pickup.minecraft.rotten_flesh":1,"stat.pickup.tropicraft.flower":1,"stat.damageTaken":25,"stat.mobKills":12,"stat.pickup.botania.flower":1,"stat.useItem.iceandfire.dragonbone_sword_fire":2,"stat.flyOneCm":154772,"stat.deaths":1,"stat.drop":8,"stat.mineBlock.minecraft.leaves":2,"stat.useItem.erebus.wasp_sword":3,"stat.playOneMinute":18747,"stat.drop.mysticalworld.silver_leggings":1,"stat.useItem.aether_legacy.holy_sword":4,"stat.drop.erebus.death_compass":1,"stat.sneakTime":196,"stat.damageDealt":856,"stat.useItem.mowziesmobs.spawn_egg":2,"stat.killEntity.Zombie":10,"stat.timeSinceDeath":13326,"stat.useItem.minecraft.spawn_egg":14}