{"stats":{"minecraft:killed_by":{"minecraft:player":1,"minecraft:skeleton":1,"minecraft:spider":1},"minecraft:mined":{"minecraft:tuff":2,"quark:dark_oak_chest":1,"treechop:chopped_log":1,"goblinsanddungeons:scoria":15,"minecraft:sand":2,"minecraft:deepslate":28},"minecraft:used":{"minecraft:bread":1,"minecraft:stone_pickaxe":31,"minecraft:leather_chestplate":1,"minecraft:wooden_pickaxe":14,"epicfight:stone_greatsword":15,"minecraft:sand":2,"minecraft:crafting_table":2},"minecraft:killed":{"minecraft:wither_skeleton":1},"minecraft:custom":{"minecraft:time_since_rest":20685,"champions:champion_mobs_killed":1,"minecraft:sprint_one_cm":124049,"minecraft:damage_taken":1031,"minecraft:walk_one_cm":253480,"minecraft:mob_kills":2,"minecraft:drop":1,"minecraft:damage_dealt":692,"minecraft:interact_with_crafting_table":21,"minecraft:swim_one_cm":4946,"minecraft:fly_one_cm":77805,"minecraft:open_chest":4,"minecraft:crouch_one_cm":356,"minecraft:play_time":35396,"minecraft:deaths":3,"minecraft:sneak_time":202,"minecraft:walk_under_water_one_cm":1257,"minecraft:jump":534,"minecraft:leave_game":3,"minecraft:time_since_death":20591,"minecraft:walk_on_water_one_cm":3076,"minecraft:total_world_time":35396,"minecraft:fall_one_cm":7331},"minecraft:dropped":{"minecraft:wooden_pickaxe":1},"minecraft:picked_up":{"minecraft:jungle_log":12,"minecraft:enchanted_book":1,"minecraft:sand":2,"minecraft:tuff":2,"supplementaries:flax_seeds":2,"minecraft:bone":2,"minecraft:arrow":2,"minecraft:cobbled_deepslate":27,"minecraft:azalea":4,"goblinsanddungeons:scoria":15},"minecraft:crafted":{"minecraft:stick":8,"minecraft:wooden_pickaxe":1,"minecraft:air":52}},"DataVersion":2975}