{"stats":{"minecraft:broken":{"minecraft:leather_leggings":1,"minecraft:stone_axe":1,"jet_and_elias_armors:mercenary_gear_helmet":1},"minecraft:mined":{"minecraft:dark_oak_planks":1,"minecraft:tuff":10,"minecraft:spruce_planks":46,"minecraft:deepslate_diamond_ore":1,"minecraft:jungle_slab":4,"minecraft:purple_terracotta":3,"minecraft:stripped_crimson_hyphae":3,"minecraft:jungle_planks":17,"minecraft:bubble_coral_fan":1,"minecraft:coal_block":2,"minecraft:purpur_slab":2,"minecraft:spruce_leaves":1,"minecraft:spawner":6,"minecraft:hay_block":18,"minecraft:oak_trapdoor":1,"minecraft:iron_ore":5,"minecraft:chiseled_sandstone":1,"minecraft:black_concrete":2,"treechop:chopped_log":8,"minecraft:dark_oak_stairs":1,"minecraft:bookshelf":4,"minecraft:cyan_concrete":6,"minecraft:deepslate_iron_ore":1,"minecraft:quartz_slab":2,"irons_spellbooks:inscription_table":2,"minecraft:stone":61,"minecraft:bone_block":2,"minecraft:spruce_slab":1,"minecraft:potted_allium":1,"minecraft:podzol":1,"minecraft:deepslate_redstone_ore":1,"quark:dark_oak_chest":1,"minecraft:spruce_door":1,"goblinsanddungeons:scoria":15,"minecraft:smooth_sandstone":2,"minecraft:oak_wood":3,"minecraft:dead_bush":1,"minecraft:red_concrete":20,"minecraft:bricks":5,"minecraft:iron_door":1,"minecraft:wall_torch":4,"supplementaries:urn":1,"minecraft:purple_wool":3,"minecraft:coarse_dirt":1,"minecraft:coal_ore":20,"minecraft:oak_log":6,"minecraft:dirt":1,"minecraft:sand":2,"minecraft:crimson_planks":7,"minecraft:cracked_stone_bricks":1,"minecraft:stone_bricks":3,"minecraft:dispenser":2,"minecraft:oak_leaves":2,"minecraft:deepslate":77},"minecraft:picked_up":{"minecraft:wooden_axe":1,"minecraft:coarse_dirt":1,"minecraft:allium":1,"minecraft:purple_wool":3,"minecraft:chainmail_boots":1,"minecraft:flower_pot":1,"minecraft:leather_leggings":1,"minecraft:enchanted_book":1,"minecraft:crimson_planks":7,"minecraft:oak_trapdoor":1,"minecraft:string":3,"minecraft:quartz_slab":2,"minecraft:purple_banner":2,"minecraft:cracked_stone_bricks":1,"minecraft:cobbled_deepslate":75,"minecraft:spruce_planks":46,"minecraft:beef":16,"minecraft:azalea":5,"minecraft:spruce_slab":1,"minecraft:light_gray_wool":2,"minecraft:coal_block":2,"irons_spellbooks:inscription_table":2,"bloodandmadness:pure_quicksilver":3,"minecraft:raw_iron":6,"minecraft:stick":11,"minecraft:stripped_crimson_hyphae":3,"apotheosis:gem":2,"minecraft:torch":5,"minecraft:redstone":5,"minecraft:purple_terracotta":1,"bloodandmadness:beastblood_clump":1,"minecraft:dark_oak_planks":1,"minecraft:arrow":18,"minecraft:cactus":3,"minecraft:rotten_flesh":1,"minecraft:hay_block":18,"minecraft:purpur_slab":4,"minecraft:mutton":37,"minecraft:bone_block":2,"minecraft:white_wool":21,"minecraft:cobblestone":58,"minecraft:iron_door":1,"minecraft:jungle_log":24,"minecraft:brown_wool":4,"minecraft:leather":5,"minecraft:tuff":10,"minecraft:oak_log":11,"jet_and_elias_armors:mercenary_gear_helmet":1,"supplementaries:flax_seeds":2,"minecraft:bone":4,"minecraft:stone_bricks":3,"minecraft:cyan_concrete":6,"goblinsanddungeons:scoria":15,"minecraft:flowering_azalea":3,"minecraft:dark_oak_stairs":1,"minecraft:book":12,"ecologics:prickly_pear":1,"minecraft:jungle_planks":17,"minecraft:sand":2,"minecraft:spruce_sapling":46,"minecraft:spruce_log":168,"minecraft:jungle_slab":5,"minecraft:leather_helmet":1,"minecraft:oak_wood":3,"minecraft:dispenser":2,"minecraft:diamond":1,"minecraft:stone_axe":1,"minecraft:black_concrete":2,"minecraft:chainmail_leggings":1,"minecraft:emerald":6,"orcz:ironscrap":5,"minecraft:coal":20,"minecraft:oak_sapling":1,"minecraft:red_concrete":20,"minecraft:black_wool":2,"minecraft:bricks":5},"minecraft:killed":{"minecraft:vindicator":11,"minecraft:skeleton":5,"bloodandmadness:brainsucker":1,"humancompanions:axeguard":1,"restored_earth:wooly_cow":3,"minecraft:sheep":26,"minecraft:pillager":9,"minecraft:zombie":1,"minecraft:wither_skeleton":1},"minecraft:killed_by":{"minecraft:player":1,"iceandfire:deathworm":1,"minecraft:spider":1,"minecraft:vindicator":7,"minecraft:skeleton":1},"minecraft:crafted":{"minecraft:cooked_mutton":33,"epicfight:iron_greatsword":1,"sophisticatedbackpacks:backpack":1,"minecraft:crafting_table":1,"minecraft:wooden_pickaxe":1,"minecraft:air":468,"minecraft:stick":12,"minecraft:iron_pickaxe":1},"minecraft:used":{"minecraft:red_concrete":20,"minecraft:spruce_slab":1,"minecraft:spruce_planks":182,"minecraft:torch":21,"minecraft:jungle_planks":62,"minecraft:tuff":10,"minecraft:purple_banner":1,"minecraft:wooden_axe":21,"minecraft:bricks":3,"epicfight:iron_greatsword":22,"minecraft:iron_axe":115,"epicfight:stone_greatsword":127,"minecraft:crimson_planks":7,"minecraft:cobbled_deepslate":72,"minecraft:cooked_mutton":33,"minecraft:stone_pickaxe":31,"minecraft:oak_planks":12,"minecraft:wooden_pickaxe":14,"minecraft:leather_chestplate":1,"minecraft:jungle_boat":1,"minecraft:sand":2,"minecraft:crafting_table":9,"minecraft:white_bed":1,"minecraft:purple_terracotta":1,"minecraft:bread":22,"minecraft:brown_wool":3,"minecraft:iron_pickaxe":207,"minecraft:purpur_slab":4,"minecraft:stone_axe":109,"minecraft:cobblestone":57,"minecraft:bucket":1,"minecraft:purple_wool":3,"irons_spellbooks:inscription_table":1},"minecraft:custom":{"lootr:looted_stat":27,"minecraft:mob_kills":59,"minecraft:interact_with_crafting_table":34,"minecraft:open_barrel":2,"minecraft:damage_dealt_resisted":1900,"minecraft:leave_game":8,"minecraft:time_since_death":41211,"minecraft:climb_one_cm":5887,"minecraft:damage_resisted":299,"minecraft:sprint_one_cm":337382,"champions:champion_mobs_killed":27,"minecraft:walk_one_cm":937521,"minecraft:drop":35,"minecraft:play_time":156525,"minecraft:deaths":11,"minecraft:sneak_time":7159,"minecraft:walk_under_water_one_cm":23032,"minecraft:boat_one_cm":1139,"minecraft:jump":1966,"minecraft:interact_with_brewingstand":1,"minecraft:walk_on_water_one_cm":25757,"minecraft:total_world_time":156525,"minecraft:interact_with_furnace":11,"minecraft:sleep_in_bed":3,"minecraft:time_since_rest":40421,"minecraft:damage_taken":6311,"minecraft:trigger_trapped_chest":6,"minecraft:damage_dealt":8731,"minecraft:swim_one_cm":39611,"minecraft:fly_one_cm":261887,"minecraft:open_chest":12,"minecraft:crouch_one_cm":38153,"minecraft:fall_one_cm":30212,"minecraft:inspect_dispenser":3},"minecraft:dropped":{"minecraft:cracked_stone_bricks":1,"minecraft:leather_helmet":1,"minecraft:jungle_slab":5,"minecraft:wooden_axe":2,"minecraft:iron_door":1,"epicfight:stone_greatsword":1,"minecraft:bone_block":2,"minecraft:spruce_sapling":16,"minecraft:bricks":2,"minecraft:purple_banner":1,"minecraft:rotten_flesh":1,"minecraft:iron_chestplate":1,"minecraft:oak_sapling":1,"minecraft:stone_bricks":3,"minecraft:beef":8,"minecraft:wooden_pickaxe":1,"minecraft:quartz_slab":2}},"DataVersion":2975}