{"stats":{"minecraft:mined":{"minecraft:dark_oak_planks":5,"minecraft:tuff":10,"minecraft:spruce_planks":49,"minecraft:dark_oak_leaves":37,"minecraft:deepslate_diamond_ore":3,"minecraft:jungle_slab":4,"minecraft:jungle_leaves":1,"minecraft:granite":2,"minecraft:stripped_crimson_hyphae":3,"minecraft:purple_terracotta":3,"minecraft:acacia_log":1,"minecraft:jungle_planks":20,"quark:green_corundum_cluster":3,"minecraft:bubble_coral_fan":1,"minecraft:coal_block":5,"minecraft:purpur_slab":2,"minecraft:spruce_leaves":1,"minecraft:spawner":11,"minecraft:hay_block":21,"minecraft:oak_trapdoor":1,"minecraft:iron_ore":5,"minecraft:chiseled_sandstone":1,"minecraft:black_concrete":2,"treechop:chopped_log":10,"minecraft:dark_oak_stairs":1,"minecraft:vine":3,"minecraft:bookshelf":4,"minecraft:deepslate_iron_ore":1,"minecraft:cyan_concrete":6,"minecraft:flowering_azalea_leaves":1,"minecraft:quartz_slab":2,"minecraft:iron_bars":7,"minecraft:purple_carpet":5,"irons_spellbooks:inscription_table":2,"minecraft:stone":145,"minecraft:iron_block":3,"minecraft:bone_block":2,"minecraft:spruce_slab":1,"minecraft:potted_allium":1,"minecraft:podzol":1,"minecraft:deepslate_redstone_ore":1,"minecraft:red_bed":2,"quark:dark_oak_chest":1,"ba_bt:bt_land_spawner":8,"minecraft:spruce_door":1,"goblinsanddungeons:scoria":15,"minecraft:smooth_sandstone":2,"minecraft:torch":4,"minecraft:oak_wood":3,"minecraft:melon":10,"minecraft:dead_bush":1,"minecraft:cobblestone":10,"minecraft:red_concrete":20,"minecraft:bricks":5,"minecraft:wall_torch":5,"minecraft:iron_door":2,"supplementaries:urn":1,"minecraft:purple_wool":3,"minecraft:coarse_dirt":1,"minecraft:jungle_wood":14,"minecraft:cobblestone_wall":1,"quark:green_corundum":2,"minecraft:grass":6,"minecraft:oak_log":8,"minecraft:coal_ore":38,"minecraft:gravel":1,"minecraft:sand":2,"minecraft:dirt":1,"ba_bt:spawner_marker":3,"minecraft:crimson_planks":7,"quark:yellow_corundum_cluster":2,"minecraft:cracked_stone_bricks":11,"minecraft:acacia_planks":2,"minecraft:dispenser":2,"minecraft:stone_bricks":8,"minecraft:mossy_stone_bricks":3,"minecraft:oak_leaves":54,"minecraft:deepslate":95,"minecraft:emerald_block":1},"minecraft:dropped":{"minecraft:dark_oak_stairs":1,"minecraft:wheat_seeds":6,"minecraft:granite":2,"minecraft:cracked_stone_bricks":6,"minecraft:leather_helmet":1,"minecraft:flint":1,"minecraft:jungle_slab":5,"minecraft:red_bed":1,"minecraft:wooden_axe":2,"minecraft:iron_door":1,"minecraft:bone_block":2,"epicfight:stone_greatsword":1,"minecraft:iron_pickaxe":2,"minecraft:spruce_sapling":16,"minecraft:bone":1,"minecraft:bricks":2,"minecraft:stone_axe":1,"minecraft:oak_trapdoor":1,"minecraft:wheat":2,"minecraft:purple_banner":1,"minecraft:beetroot":2,"minecraft:rotten_flesh":1,"minecraft:iron_hoe":1,"immersive_weathering:stone_brick":3,"minecraft:flower_pot":1,"minecraft:azalea":11,"minecraft:iron_chestplate":1,"minecraft:mossy_stone_bricks":3,"minecraft:chainmail_boots":1,"minecraft:oak_sapling":3,"minecraft:spider_eye":2,"minecraft:stone_bricks":5,"minecraft:wooden_pickaxe":2,"minecraft:beef":8,"minecraft:iron_bars":4,"minecraft:quartz_slab":2},"minecraft:used":{"minecraft:iron_bars":4,"minecraft:stone_sword":9,"minecraft:acacia_log":3,"minecraft:red_concrete":20,"minecraft:spruce_slab":13,"minecraft:spruce_planks":192,"vanillaplustools:stone_hammer":9,"minecraft:cooked_chicken":5,"minecraft:torch":99,"minecraft:jungle_planks":109,"minecraft:cobblestone_wall":1,"minecraft:carrot":16,"simple_mobs:blighted_meat":1,"minecraft:tuff":10,"ecologics:prickly_pear":2,"minecraft:wooden_axe":21,"minecraft:purple_banner":1,"minecraft:bricks":3,"epicfight:iron_greatsword":112,"minecraft:iron_block":2,"minecraft:iron_axe":145,"minecraft:crimson_planks":7,"epicfight:stone_greatsword":127,"minecraft:stone_bricks":2,"minecraft:cooked_beef":4,"minecraft:acacia_planks":13,"minecraft:cobbled_deepslate":89,"minecraft:cooked_mutton":33,"minecraft:water_bucket":11,"monsterplus:crystal_clump":1,"minecraft:stone_pickaxe":122,"minecraft:oak_planks":36,"minecraft:wooden_pickaxe":17,"minecraft:leather_chestplate":1,"minecraft:jungle_boat":1,"minecraft:cracked_stone_bricks":1,"minecraft:white_wool":12,"minecraft:golden_apple":2,"minecraft:sand":2,"minecraft:crafting_table":15,"minecraft:white_bed":1,"minecraft:purple_terracotta":1,"minecraft:bread":34,"minecraft:brown_wool":3,"minecraft:iron_pickaxe":259,"minecraft:melon_slice":28,"minecraft:purpur_slab":4,"minecraft:stone_axe":291,"minecraft:cobblestone":59,"minecraft:bucket":12,"minecraft:purple_wool":3,"irons_spellbooks:inscription_table":1},"minecraft:broken":{"jet_and_elias_armors:iron_ronin_chestplate":1,"minecraft:leather_leggings":1,"minecraft:stone_axe":1,"jet_and_elias_armors:mercenary_gear_helmet":1},"minecraft:killed":{"minecraft:spider":2,"minecraft:vindicator":11,"monsterplus:crystal_zombie":3,"minecraft:skeleton":10,"monsterplus:glow_skeleton":1,"bloodandmadness:brainsucker":1,"simple_mobs:cave_golem":1,"humancompanions:axeguard":1,"simple_mobs:caped_minotaur":1,"restored_earth:wooly_cow":3,"minecraft:sheep":26,"minecraft:pillager":9,"minecraft:zombie":13,"ars_nouveau:wilden_stalker":1,"minecraft:stray":1,"minecraft:wither_skeleton":1},"minecraft:killed_by":{"minecraft:player":1,"iceandfire:deathworm":1,"minecraft:spider":3,"ba_bt:bt_cultist":1,"minecraft:vindicator":7,"minecraft:skeleton":47,"minecraft:zombie":316},"minecraft:crafted":{"minecraft:oak_planks":8,"vanillaplustools:stone_hammer":1,"minecraft:cooked_mutton":33,"minecraft:spruce_slab":12,"epicfight:iron_greatsword":1,"sophisticatedbackpacks:backpack":1,"minecraft:crafting_table":3,"minecraft:wooden_pickaxe":1,"minecraft:stone_axe":3,"minecraft:air":661,"minecraft:stick":24,"minecraft:iron_pickaxe":1,"minecraft:torch":32},"minecraft:custom":{"lootr:looted_stat":50,"minecraft:mob_kills":97,"minecraft:interact_with_crafting_table":44,"minecraft:open_barrel":15,"minecraft:damage_dealt_resisted":1900,"minecraft:leave_game":11,"minecraft:time_since_death":5659,"minecraft:climb_one_cm":18198,"minecraft:damage_resisted":338,"champions:champion_mobs_killed":54,"minecraft:sprint_one_cm":549510,"minecraft:walk_one_cm":1684104,"minecraft:drop":81,"minecraft:damage_dealt_absorbed":184,"minecraft:sneak_time":11351,"minecraft:play_time":250500,"minecraft:deaths":379,"minecraft:walk_under_water_one_cm":27276,"minecraft:boat_one_cm":1139,"minecraft:interact_with_brewingstand":1,"minecraft:jump":3035,"minecraft:walk_on_water_one_cm":30798,"minecraft:total_world_time":250500,"minecraft:interact_with_furnace":11,"minecraft:sleep_in_bed":4,"minecraft:time_since_rest":5693,"minecraft:damage_taken":19121,"minecraft:damage_absorbed":81,"minecraft:trigger_trapped_chest":6,"minecraft:damage_dealt":17145,"minecraft:swim_one_cm":122353,"minecraft:fly_one_cm":386170,"minecraft:open_chest":20,"minecraft:crouch_one_cm":51408,"minecraft:fall_one_cm":60358,"minecraft:inspect_dispenser":3},"minecraft:picked_up":{"irons_spellbooks:scroll":1,"minecraft:wheat":2,"minecraft:black_carpet":3,"minecraft:iron_chestplate":3,"minecraft:crafting_table":1,"minecraft:coarse_dirt":1,"minecraft:allium":1,"minecraft:purple_wool":3,"minecraft:chainmail_boots":1,"minecraft:flower_pot":1,"irons_spellbooks:rotten_spell_book":4,"minecraft:leather_leggings":1,"minecraft:potion":1,"minecraft:enchanted_book":1,"minecraft:crimson_planks":7,"minecraft:brick":1,"minecraft:string":3,"minecraft:oak_trapdoor":1,"minecraft:red_bed":5,"minecraft:iron_axe":3,"minecraft:quartz_slab":2,"minecraft:purple_banner":2,"minecraft:beetroot":2,"minecraft:cracked_stone_bricks":11,"irons_spellbooks:arcane_essence":21,"minecraft:gold_nugget":148,"minecraft:cobbled_deepslate":92,"minecraft:spruce_planks":55,"minecraft:beef":16,"minecraft:azalea":16,"minecraft:light_gray_wool":2,"minecraft:iron_pickaxe":5,"minecraft:spruce_slab":1,"minecraft:melon_slice":45,"minecraft:coal_block":4,"irons_spellbooks:inscription_table":6,"bloodandmadness:pure_quicksilver":3,"minecraft:stripped_crimson_hyphae":3,"minecraft:dark_oak_sapling":8,"minecraft:stick":24,"minecraft:raw_iron":52,"apotheosis:gem":8,"quark:green_corundum_cluster":9,"minecraft:torch":72,"minecraft:acacia_log":83,"quark:yellow_corundum_cluster":2,"minecraft:carrot":8,"minecraft:redstone":20,"biomemakeover:cowboy_hat":4,"minecraft:purple_terracotta":1,"bloodandmadness:beastblood_clump":2,"minecraft:dark_oak_planks":4,"minecraft:stone_sword":1,"hexerei:sage_seed":1,"monsterplus:crystal_clump":5,"minecraft:cactus":4,"minecraft:arrow":86,"minecraft:rotten_flesh":32,"minecraft:beetroot_seeds":18,"minecraft:hay_block":24,"minecraft:purpur_slab":4,"minecraft:iron_block":11,"minecraft:mutton":37,"minecraft:bone_block":2,"minecraft:iron_bars":13,"minecraft:cobblestone":152,"minecraft:white_wool":69,"ars_nouveau:drygmy_shard":1,"minecraft:iron_door":1,"minecraft:water_bucket":5,"minecraft:jungle_log":35,"minecraft:brown_wool":4,"minecraft:leather":9,"minecraft:jungle_wood":11,"minecraft:potato":4,"minecraft:filled_map":1,"minecraft:flint":1,"minecraft:tuff":10,"minecraft:oak_log":13,"jet_and_elias_armors:mercenary_gear_helmet":1,"supplementaries:flax_seeds":2,"minecraft:cobblestone_wall":1,"minecraft:white_banner":1,"immersive_weathering:jungle_bark":2,"minecraft:purple_carpet":5,"minecraft:bone":16,"minecraft:acacia_planks":2,"minecraft:apple":1,"minecraft:stone_bricks":9,"epicfight:iron_greatsword":3,"minecraft:wheat_seeds":6,"minecraft:iron_ingot":46,"minecraft:mossy_stone_bricks":3,"minecraft:rabbit":1,"minecraft:acacia_sapling":1,"minecraft:cyan_concrete":30,"minecraft:moss_block":3,"goblinsanddungeons:scoria":15,"minecraft:oak_planks":78,"minecraft:flowering_azalea":3,"minecraft:dark_oak_stairs":1,"minecraft:book":88,"minecraft:emerald_block":3,"quark:red_corundum_cluster":4,"irons_spellbooks:frozen_bone":2,"ecologics:prickly_pear":2,"minecraft:sand":2,"ba_bt:monolith_key_land":2,"minecraft:jungle_planks":20,"minecraft:spruce_sapling":68,"minecraft:spider_eye":2,"quark:green_corundum":2,"minecraft:spruce_log":168,"simple_mobs:blighted_meat":1,"minecraft:jungle_slab":5,"minecraft:spectral_arrow":1,"minecraft:leather_helmet":1,"immersive_weathering:stone_brick":5,"simple_mobs:largecavefragment":5,"minecraft:iron_hoe":1,"minecraft:oak_wood":3,"minecraft:dispenser":2,"minecraft:diamond":9,"minecraft:black_concrete":10,"minecraft:stone_axe":2,"monsterplus:crystal_shard":5,"minecraft:chainmail_leggings":1,"minecraft:granite":2,"minecraft:emerald":6,"minecraft:bread":34,"orcz:ironscrap":5,"minecraft:black_wool":2,"minecraft:oak_sapling":3,"minecraft:coal":118,"minecraft:red_concrete":20,"minecraft:bricks":5,"minecraft:wooden_axe":1,"minecraft:ender_pearl":26}},"DataVersion":2975}