{"stats":{"minecraft:mined":{"minecraft:dark_oak_planks":1,"minecraft:deepslate_redstone_ore":1,"minecraft:tuff":10,"minecraft:spruce_planks":25,"minecraft:deepslate_diamond_ore":1,"minecraft:jungle_slab":4,"quark:dark_oak_chest":1,"minecraft:smooth_sandstone":2,"goblinsanddungeons:scoria":15,"minecraft:purple_terracotta":3,"minecraft:jungle_planks":17,"minecraft:coal_block":2,"minecraft:iron_door":1,"supplementaries:urn":1,"minecraft:hay_block":18,"minecraft:chiseled_sandstone":1,"treechop:chopped_log":3,"minecraft:bookshelf":3,"minecraft:deepslate_iron_ore":1,"minecraft:quartz_slab":2,"minecraft:sand":2,"minecraft:crimson_planks":7,"minecraft:stone":58,"minecraft:dispenser":2,"minecraft:oak_leaves":2,"minecraft:bone_block":2,"minecraft:spruce_slab":1,"minecraft:deepslate":77},"minecraft:picked_up":{"minecraft:wooden_axe":1,"minecraft:iron_door":1,"minecraft:jungle_log":24,"minecraft:leather_leggings":1,"minecraft:leather":5,"minecraft:brown_wool":4,"minecraft:enchanted_book":1,"minecraft:tuff":10,"minecraft:oak_log":5,"minecraft:crimson_planks":7,"supplementaries:flax_seeds":2,"jet_and_elias_armors:mercenary_gear_helmet":1,"minecraft:quartz_slab":2,"minecraft:purple_banner":2,"minecraft:bone":2,"minecraft:cobbled_deepslate":75,"minecraft:spruce_planks":25,"minecraft:beef":8,"minecraft:azalea":5,"minecraft:light_gray_wool":2,"minecraft:spruce_slab":1,"minecraft:coal_block":2,"goblinsanddungeons:scoria":15,"minecraft:flowering_azalea":3,"minecraft:book":9,"minecraft:raw_iron":1,"apotheosis:gem":2,"minecraft:sand":2,"minecraft:jungle_planks":17,"minecraft:redstone":5,"minecraft:jungle_slab":5,"minecraft:leather_helmet":1,"minecraft:purple_terracotta":1,"minecraft:dark_oak_planks":1,"minecraft:arrow":12,"minecraft:dispenser":2,"minecraft:diamond":1,"minecraft:stone_axe":1,"minecraft:hay_block":18,"minecraft:emerald":5,"minecraft:oak_sapling":1,"minecraft:black_wool":2,"minecraft:mutton":37,"minecraft:white_wool":21,"minecraft:bone_block":2,"minecraft:cobblestone":58},"minecraft:killed":{"humancompanions:axeguard":1,"minecraft:vindicator":9,"restored_earth:wooly_cow":3,"minecraft:sheep":26,"minecraft:pillager":9,"minecraft:wither_skeleton":1},"minecraft:killed_by":{"minecraft:player":1,"minecraft:skeleton":1,"minecraft:spider":1},"minecraft:crafted":{"sophisticatedbackpacks:backpack":1,"minecraft:wooden_pickaxe":1,"minecraft:cooked_mutton":33,"minecraft:air":210,"minecraft:stick":8},"minecraft:used":{"minecraft:cooked_mutton":13,"minecraft:spruce_slab":1,"minecraft:stone_pickaxe":31,"minecraft:leather_chestplate":1,"minecraft:wooden_pickaxe":14,"minecraft:jungle_boat":1,"minecraft:sand":2,"minecraft:crafting_table":5,"minecraft:jungle_planks":62,"minecraft:purple_terracotta":1,"minecraft:tuff":10,"minecraft:purple_banner":1,"minecraft:wooden_axe":11,"minecraft:bread":7,"minecraft:iron_pickaxe":133,"epicfight:stone_greatsword":81,"minecraft:stone_axe":69,"minecraft:cobblestone":20,"minecraft:cobbled_deepslate":72},"minecraft:custom":{"minecraft:interact_with_furnace":9,"lootr:looted_stat":15,"minecraft:mob_kills":50,"minecraft:interact_with_crafting_table":25,"minecraft:open_barrel":1,"minecraft:leave_game":8,"minecraft:time_since_death":69720,"minecraft:sleep_in_bed":1,"minecraft:climb_one_cm":656,"minecraft:time_since_rest":27124,"champions:champion_mobs_killed":19,"minecraft:sprint_one_cm":217105,"minecraft:damage_taken":2179,"minecraft:walk_one_cm":566004,"minecraft:trigger_trapped_chest":6,"minecraft:drop":16,"minecraft:damage_dealt":6000,"minecraft:swim_one_cm":24355,"minecraft:fly_one_cm":146634,"minecraft:open_chest":8,"minecraft:crouch_one_cm":5619,"minecraft:play_time":84525,"minecraft:deaths":3,"minecraft:sneak_time":1362,"minecraft:walk_under_water_one_cm":7512,"minecraft:boat_one_cm":1139,"minecraft:interact_with_brewingstand":1,"minecraft:jump":1051,"minecraft:walk_on_water_one_cm":8345,"minecraft:total_world_time":84525,"minecraft:inspect_dispenser":2,"minecraft:fall_one_cm":11946},"minecraft:dropped":{"minecraft:purple_banner":1,"minecraft:leather_helmet":1,"minecraft:jungle_slab":5,"minecraft:iron_chestplate":1,"minecraft:wooden_axe":1,"minecraft:iron_door":1,"minecraft:oak_sapling":1,"minecraft:bone_block":2,"minecraft:wooden_pickaxe":1,"minecraft:quartz_slab":2}},"DataVersion":2975}