{"stats":{"minecraft:killed_by":{"minecraft:skeleton":1,"minecraft:spider":1,"minecraft:player":1},"minecraft:mined":{"minecraft:sand":2,"quark:dark_oak_chest":1,"treechop:chopped_log":1},"minecraft:used":{"minecraft:sand":2,"minecraft:crafting_table":1,"minecraft:bread":1,"epicfight:stone_greatsword":15},"minecraft:killed":{"minecraft:wither_skeleton":1},"minecraft:custom":{"minecraft:time_since_rest":7553,"minecraft:crouch_one_cm":267,"minecraft:play_time":22264,"champions:champion_mobs_killed":1,"minecraft:sprint_one_cm":118604,"minecraft:deaths":3,"minecraft:damage_taken":915,"minecraft:walk_one_cm":154870,"minecraft:sneak_time":59,"minecraft:walk_under_water_one_cm":1257,"minecraft:mob_kills":2,"minecraft:jump":306,"minecraft:damage_dealt":692,"minecraft:leave_game":2,"minecraft:walk_on_water_one_cm":3076,"minecraft:time_since_death":7459,"minecraft:total_world_time":22264,"minecraft:swim_one_cm":4946,"minecraft:interact_with_crafting_table":20,"minecraft:fall_one_cm":6003,"minecraft:fly_one_cm":76287},"minecraft:picked_up":{"minecraft:bone":2,"minecraft:arrow":2,"minecraft:jungle_log":12,"minecraft:enchanted_book":1,"minecraft:sand":2,"minecraft:azalea":4},"minecraft:crafted":{"minecraft:stick":4,"minecraft:wooden_pickaxe":1,"minecraft:air":50}},"DataVersion":2975}