{"stats":{"minecraft:crafted":{"minecraft:cooked_mutton":33,"minecraft:spruce_slab":12,"epicfight:iron_greatsword":1,"sophisticatedbackpacks:backpack":1,"minecraft:crafting_table":2,"minecraft:wooden_pickaxe":1,"minecraft:air":511,"minecraft:stick":24,"minecraft:iron_pickaxe":1,"minecraft:torch":32},"minecraft:custom":{"lootr:looted_stat":31,"minecraft:mob_kills":65,"minecraft:interact_with_crafting_table":38,"minecraft:open_barrel":11,"minecraft:damage_dealt_resisted":1900,"minecraft:leave_game":9,"minecraft:time_since_death":16948,"minecraft:climb_one_cm":7804,"minecraft:damage_resisted":307,"champions:champion_mobs_killed":32,"minecraft:sprint_one_cm":396620,"minecraft:walk_one_cm":1184461,"minecraft:drop":42,"minecraft:play_time":182330,"minecraft:deaths":12,"minecraft:sneak_time":8209,"minecraft:walk_under_water_one_cm":26531,"minecraft:boat_one_cm":1139,"minecraft:interact_with_brewingstand":1,"minecraft:jump":2358,"minecraft:walk_on_water_one_cm":29986,"minecraft:total_world_time":182330,"minecraft:interact_with_furnace":11,"minecraft:sleep_in_bed":3,"minecraft:time_since_rest":16985,"minecraft:damage_taken":6991,"minecraft:trigger_trapped_chest":6,"minecraft:damage_dealt":9926,"minecraft:swim_one_cm":39611,"minecraft:fly_one_cm":309327,"minecraft:open_chest":16,"minecraft:crouch_one_cm":39914,"minecraft:fall_one_cm":37118,"minecraft:inspect_dispenser":3},"minecraft:picked_up":{"minecraft:wooden_axe":1,"minecraft:coarse_dirt":1,"minecraft:allium":1,"minecraft:purple_wool":3,"minecraft:chainmail_boots":1,"minecraft:flower_pot":1,"minecraft:leather_leggings":1,"minecraft:enchanted_book":1,"minecraft:crimson_planks":7,"minecraft:oak_trapdoor":1,"minecraft:string":3,"minecraft:red_bed":2,"minecraft:quartz_slab":2,"minecraft:purple_banner":2,"minecraft:cracked_stone_bricks":2,"minecraft:cobbled_deepslate":92,"minecraft:spruce_planks":55,"minecraft:beef":16,"minecraft:azalea":5,"minecraft:light_gray_wool":2,"minecraft:spruce_slab":1,"minecraft:coal_block":4,"irons_spellbooks:inscription_table":2,"bloodandmadness:pure_quicksilver":3,"minecraft:dark_oak_sapling":2,"minecraft:stick":11,"minecraft:raw_iron":6,"minecraft:stripped_crimson_hyphae":3,"apotheosis:gem":2,"minecraft:torch":6,"minecraft:redstone":5,"bloodandmadness:beastblood_clump":1,"minecraft:purple_terracotta":1,"minecraft:dark_oak_planks":1,"monsterplus:crystal_clump":2,"minecraft:cactus":3,"minecraft:arrow":18,"minecraft:rotten_flesh":1,"minecraft:purpur_slab":4,"minecraft:hay_block":18,"minecraft:iron_block":2,"minecraft:mutton":37,"minecraft:iron_bars":2,"minecraft:white_wool":21,"minecraft:bone_block":2,"minecraft:cobblestone":58,"minecraft:iron_door":1,"minecraft:jungle_log":24,"minecraft:brown_wool":4,"minecraft:leather":5,"minecraft:tuff":10,"minecraft:oak_log":11,"supplementaries:flax_seeds":2,"jet_and_elias_armors:mercenary_gear_helmet":1,"minecraft:cobblestone_wall":1,"minecraft:bone":4,"minecraft:apple":1,"minecraft:stone_bricks":3,"minecraft:cyan_concrete":6,"goblinsanddungeons:scoria":15,"minecraft:flowering_azalea":3,"minecraft:dark_oak_stairs":1,"minecraft:book":12,"ecologics:prickly_pear":1,"minecraft:sand":2,"minecraft:jungle_planks":17,"minecraft:spruce_sapling":46,"minecraft:spruce_log":168,"minecraft:jungle_slab":5,"minecraft:leather_helmet":1,"simple_mobs:largecavefragment":1,"minecraft:oak_wood":3,"minecraft:dispenser":2,"minecraft:diamond":3,"minecraft:stone_axe":1,"minecraft:black_concrete":2,"monsterplus:crystal_shard":1,"minecraft:chainmail_leggings":1,"minecraft:emerald":6,"orcz:ironscrap":5,"minecraft:oak_sapling":3,"minecraft:black_wool":2,"minecraft:red_concrete":20,"minecraft:bricks":5,"minecraft:coal":20},"minecraft:mined":{"minecraft:dark_oak_planks":1,"minecraft:tuff":10,"minecraft:spruce_planks":49,"minecraft:dark_oak_leaves":33,"minecraft:deepslate_diamond_ore":3,"minecraft:jungle_slab":4,"minecraft:purple_terracotta":3,"minecraft:stripped_crimson_hyphae":3,"minecraft:jungle_planks":17,"minecraft:bubble_coral_fan":1,"minecraft:coal_block":4,"minecraft:purpur_slab":2,"minecraft:spruce_leaves":1,"minecraft:spawner":6,"minecraft:hay_block":18,"minecraft:oak_trapdoor":1,"minecraft:iron_ore":5,"minecraft:chiseled_sandstone":1,"minecraft:black_concrete":2,"treechop:chopped_log":8,"minecraft:dark_oak_stairs":1,"minecraft:vine":2,"minecraft:flowering_azalea_leaves":1,"minecraft:bookshelf":4,"minecraft:deepslate_iron_ore":1,"minecraft:cyan_concrete":6,"minecraft:iron_bars":2,"minecraft:quartz_slab":2,"irons_spellbooks:inscription_table":2,"minecraft:stone":61,"minecraft:iron_block":2,"minecraft:bone_block":2,"minecraft:spruce_slab":1,"minecraft:potted_allium":1,"minecraft:podzol":1,"minecraft:deepslate_redstone_ore":1,"minecraft:red_bed":1,"quark:dark_oak_chest":1,"minecraft:spruce_door":1,"goblinsanddungeons:scoria":15,"minecraft:smooth_sandstone":2,"minecraft:torch":1,"minecraft:oak_wood":3,"minecraft:dead_bush":1,"minecraft:red_concrete":20,"minecraft:bricks":5,"minecraft:iron_door":2,"minecraft:wall_torch":4,"supplementaries:urn":1,"minecraft:purple_wool":3,"minecraft:coarse_dirt":1,"minecraft:cobblestone_wall":1,"minecraft:oak_log":6,"minecraft:coal_ore":20,"minecraft:sand":2,"minecraft:dirt":1,"ba_bt:spawner_marker":3,"minecraft:crimson_planks":7,"minecraft:cracked_stone_bricks":2,"minecraft:dispenser":2,"minecraft:stone_bricks":3,"minecraft:oak_leaves":48,"minecraft:deepslate":95},"minecraft:killed":{"minecraft:vindicator":11,"monsterplus:crystal_zombie":3,"minecraft:skeleton":5,"bloodandmadness:brainsucker":1,"simple_mobs:cave_golem":1,"humancompanions:axeguard":1,"restored_earth:wooly_cow":3,"minecraft:sheep":26,"minecraft:pillager":9,"minecraft:zombie":1,"ars_nouveau:wilden_stalker":1,"minecraft:wither_skeleton":1},"minecraft:killed_by":{"minecraft:player":1,"iceandfire:deathworm":1,"minecraft:spider":1,"minecraft:vindicator":7,"minecraft:skeleton":2},"minecraft:broken":{"jet_and_elias_armors:iron_ronin_chestplate":1,"minecraft:leather_leggings":1,"minecraft:stone_axe":1,"jet_and_elias_armors:mercenary_gear_helmet":1},"minecraft:used":{"minecraft:red_concrete":20,"minecraft:spruce_slab":13,"minecraft:spruce_planks":192,"minecraft:cooked_chicken":5,"minecraft:torch":67,"minecraft:jungle_planks":62,"minecraft:cobblestone_wall":1,"minecraft:tuff":10,"ecologics:prickly_pear":1,"minecraft:purple_banner":1,"minecraft:wooden_axe":21,"minecraft:bricks":3,"epicfight:iron_greatsword":79,"minecraft:iron_axe":145,"minecraft:crimson_planks":7,"epicfight:stone_greatsword":127,"minecraft:cobbled_deepslate":89,"minecraft:cooked_mutton":33,"minecraft:water_bucket":9,"minecraft:stone_pickaxe":31,"minecraft:oak_planks":14,"minecraft:wooden_pickaxe":14,"minecraft:leather_chestplate":1,"minecraft:jungle_boat":1,"minecraft:cracked_stone_bricks":1,"minecraft:sand":2,"minecraft:crafting_table":11,"minecraft:white_bed":1,"minecraft:purple_terracotta":1,"minecraft:bread":29,"minecraft:brown_wool":3,"minecraft:iron_pickaxe":240,"minecraft:purpur_slab":4,"minecraft:stone_axe":109,"minecraft:cobblestone":57,"minecraft:bucket":10,"minecraft:purple_wool":3,"irons_spellbooks:inscription_table":1},"minecraft:dropped":{"minecraft:dark_oak_stairs":1,"minecraft:cracked_stone_bricks":1,"minecraft:leather_helmet":1,"minecraft:jungle_slab":5,"minecraft:red_bed":1,"minecraft:wooden_axe":2,"minecraft:iron_door":1,"epicfight:stone_greatsword":1,"minecraft:bone_block":2,"minecraft:iron_pickaxe":1,"minecraft:spruce_sapling":16,"minecraft:bricks":2,"minecraft:oak_trapdoor":1,"minecraft:purple_banner":1,"minecraft:rotten_flesh":1,"minecraft:flower_pot":1,"minecraft:iron_chestplate":1,"minecraft:oak_sapling":3,"minecraft:stone_bricks":3,"minecraft:beef":8,"minecraft:wooden_pickaxe":1,"minecraft:quartz_slab":2}},"DataVersion":2975}