{"stats":{"minecraft:killed_by":{"minecraft:skeleton":1,"minecraft:spider":1},"minecraft:used":{"minecraft:bread":1,"epicfight:stone_greatsword":15},"minecraft:killed":{"minecraft:wither_skeleton":1},"minecraft:custom":{"minecraft:jump":46,"minecraft:time_since_rest":226,"minecraft:leave_game":1,"champions:champion_mobs_killed":1,"minecraft:damage_dealt":692,"minecraft:sprint_one_cm":10654,"minecraft:deaths":2,"minecraft:play_time":5757,"minecraft:damage_taken":525,"minecraft:time_since_death":191,"minecraft:walk_one_cm":20014,"minecraft:total_world_time":5757,"minecraft:mob_kills":2,"minecraft:fall_one_cm":2483,"minecraft:fly_one_cm":11203},"minecraft:picked_up":{"minecraft:enchanted_book":1,"minecraft:arrow":2,"minecraft:bone":2}},"DataVersion":2975}