{"stats":{"minecraft:killed":{"minecraft:wither_skeleton":1},"minecraft:custom":{"minecraft:time_since_rest":29095,"champions:champion_mobs_killed":1,"minecraft:sprint_one_cm":125422,"minecraft:damage_taken":1081,"minecraft:walk_one_cm":324361,"minecraft:mob_kills":2,"minecraft:drop":1,"minecraft:damage_dealt":692,"minecraft:swim_one_cm":4946,"minecraft:interact_with_crafting_table":21,"minecraft:fly_one_cm":78492,"minecraft:open_chest":4,"minecraft:crouch_one_cm":3784,"minecraft:play_time":43806,"minecraft:deaths":3,"minecraft:sneak_time":672,"minecraft:walk_under_water_one_cm":1257,"minecraft:jump":690,"minecraft:leave_game":5,"minecraft:time_since_death":29001,"minecraft:walk_on_water_one_cm":3076,"minecraft:total_world_time":43806,"minecraft:fall_one_cm":9008},"minecraft:dropped":{"minecraft:wooden_pickaxe":1},"minecraft:crafted":{"minecraft:stick":8,"minecraft:wooden_pickaxe":1,"minecraft:air":52},"minecraft:killed_by":{"minecraft:player":1,"minecraft:skeleton":1,"minecraft:spider":1},"minecraft:picked_up":{"minecraft:raw_iron":1,"minecraft:jungle_log":12,"minecraft:enchanted_book":1,"minecraft:sand":2,"minecraft:tuff":2,"supplementaries:flax_seeds":2,"minecraft:redstone":5,"minecraft:bone":2,"minecraft:arrow":2,"minecraft:diamond":1,"minecraft:cobbled_deepslate":58,"minecraft:azalea":4,"goblinsanddungeons:scoria":15},"minecraft:mined":{"supplementaries:urn":1,"minecraft:deepslate_redstone_ore":1,"minecraft:tuff":2,"minecraft:deepslate_diamond_ore":1,"quark:dark_oak_chest":1,"treechop:chopped_log":1,"goblinsanddungeons:scoria":15,"minecraft:deepslate_iron_ore":1,"minecraft:sand":2,"minecraft:deepslate":59},"minecraft:used":{"minecraft:bread":1,"minecraft:stone_pickaxe":31,"minecraft:iron_pickaxe":34,"minecraft:leather_chestplate":1,"minecraft:wooden_pickaxe":14,"epicfight:stone_greatsword":15,"minecraft:sand":2,"minecraft:crafting_table":2,"minecraft:tuff":2,"minecraft:cobbled_deepslate":43}},"DataVersion":2975}