{"stats":{"minecraft:dropped":{"magistuarmory:barbedclub":1,"minecraft:dark_oak_stairs":1,"minecraft:cracked_stone_bricks":6,"minecraft:leather_helmet":1,"minecraft:flint":1,"minecraft:red_bed":1,"minecraft:bone_block":2,"minecraft:iron_pickaxe":2,"minecraft:bone":1,"minecraft:stone_axe":1,"minecraft:wheat":2,"minecraft:purple_banner":1,"minecraft:beetroot":2,"minecraft:rotten_flesh":1,"immersive_weathering:stone_brick":3,"minecraft:acacia_sapling":1,"minecraft:azalea":13,"minecraft:chainmail_boots":1,"minecraft:iron_bars":4,"minecraft:beef":8,"minecraft:wheat_seeds":6,"minecraft:iron_helmet":1,"minecraft:granite":2,"minecraft:jungle_slab":5,"minecraft:wooden_axe":2,"minecraft:iron_door":1,"minecraft:potion":1,"epicfight:stone_greatsword":1,"minecraft:spruce_sapling":16,"minecraft:bricks":2,"minecraft:oak_trapdoor":1,"minecraft:iron_hoe":1,"minecraft:flower_pot":1,"minecraft:iron_chestplate":1,"minecraft:mossy_stone_bricks":3,"minecraft:golden_leggings":1,"minecraft:oak_sapling":3,"minecraft:stone_bricks":5,"minecraft:spider_eye":2,"minecraft:wooden_pickaxe":2,"minecraft:quartz_slab":2},"minecraft:broken":{"minecraft:leather_leggings":1,"minecraft:stone_axe":1,"jet_and_elias_armors:mercenary_gear_helmet":1,"jet_and_elias_armors:iron_ronin_chestplate":1},"minecraft:used":{"minecraft:iron_shovel":62,"minecraft:spruce_slab":13,"minecraft:diamond_hoe":5,"minecraft:iron_sword":12,"minecraft:jungle_planks":109,"minecraft:carrot":16,"ecologics:prickly_pear":2,"minecraft:tuff":10,"simple_mobs:blighted_meat":1,"minecraft:bricks":3,"minecraft:stone_bricks":2,"minecraft:furnace":1,"minecraft:potato":6,"minecraft:stone_pickaxe":122,"minecraft:oak_planks":36,"minecraft:wooden_pickaxe":17,"minecraft:leather_chestplate":1,"minecraft:jungle_boat":1,"minecraft:white_wool":12,"minecraft:golden_apple":2,"minecraft:sand":2,"minecraft:purple_terracotta":1,"minecraft:melon_slice":38,"minecraft:bread":41,"minecraft:brown_wool":3,"magistuarmory:steel_heavywarhammer":14,"minecraft:purple_wool":3,"minecraft:iron_bars":4,"minecraft:stone_sword":9,"minecraft:acacia_log":3,"minecraft:red_concrete":20,"minecraft:spruce_planks":192,"vanillaplustools:stone_hammer":10,"minecraft:cooked_chicken":5,"minecraft:torch":144,"minecraft:dirt":24,"minecraft:cobblestone_wall":1,"minecraft:purple_banner":1,"minecraft:wooden_axe":21,"epicfight:iron_greatsword":112,"minecraft:iron_block":2,"minecraft:iron_axe":145,"minecraft:crimson_planks":7,"epicfight:stone_greatsword":127,"minecraft:cooked_beef":4,"minecraft:cobbled_deepslate":89,"minecraft:acacia_planks":13,"minecraft:cooked_mutton":33,"minecraft:water_bucket":13,"monsterplus:crystal_clump":1,"minecraft:cracked_stone_bricks":1,"minecraft:crafting_table":16,"minecraft:white_bed":1,"minecraft:iron_pickaxe":315,"minecraft:purpur_slab":4,"minecraft:stone_axe":305,"minecraft:cobblestone":65,"minecraft:bucket":14,"minecraft:yellow_bed":1,"irons_spellbooks:inscription_table":1},"minecraft:custom":{"lootr:looted_stat":60,"minecraft:interact_with_crafting_table":45,"minecraft:open_barrel":15,"minecraft:leave_game":13,"minecraft:time_since_death":2617,"minecraft:damage_resisted":338,"champions:champion_mobs_killed":56,"minecraft:sprint_one_cm":646729,"minecraft:drop":88,"minecraft:talked_to_villager":2,"minecraft:play_time":275640,"minecraft:deaths":380,"minecraft:jump":3350,"minecraft:interact_with_brewingstand":1,"minecraft:walk_on_water_one_cm":33254,"minecraft:interact_with_furnace":13,"minecraft:sleep_in_bed":5,"minecraft:damage_dealt":18851,"minecraft:crouch_one_cm":51906,"minecraft:inspect_dispenser":3,"minecraft:mob_kills":104,"minecraft:damage_dealt_resisted":1900,"minecraft:climb_one_cm":21618,"minecraft:walk_one_cm":1958344,"minecraft:damage_dealt_absorbed":299,"minecraft:sneak_time":11480,"minecraft:walk_under_water_one_cm":28968,"minecraft:boat_one_cm":1139,"minecraft:total_world_time":275640,"minecraft:time_since_rest":2647,"minecraft:damage_absorbed":81,"minecraft:damage_taken":19759,"minecraft:trigger_trapped_chest":6,"minecraft:swim_one_cm":125292,"minecraft:fly_one_cm":457629,"minecraft:open_chest":26,"minecraft:fall_one_cm":64078},"minecraft:crafted":{"minecraft:oak_planks":8,"minecraft:cooked_mutton":33,"sophisticatedbackpacks:backpack":1,"minecraft:crafting_table":4,"minecraft:wooden_pickaxe":1,"minecraft:stick":32,"minecraft:iron_pickaxe":1,"vanillaplustools:stone_hammer":1,"minecraft:furnace":1,"minecraft:spruce_slab":12,"epicfight:iron_greatsword":1,"minecraft:stone_axe":3,"minecraft:air":693,"minecraft:acacia_planks":4,"minecraft:torch":32},"minecraft:killed_by":{"minecraft:vindicator":7,"minecraft:zombie":316,"minecraft:player":1,"iceandfire:deathworm":1,"minecraft:spider":3,"ba_bt:bt_cultist":1,"alexsmobs:tiger":1,"minecraft:skeleton":47},"minecraft:picked_up":{"irons_spellbooks:scroll":1,"minecraft:iron_chestplate":3,"minecraft:black_carpet":3,"minecraft:wheat":2,"minecraft:chainmail_boots":1,"irons_spellbooks:rotten_spell_book":4,"minecraft:flower_pot":1,"minecraft:enchanted_book":1,"minecraft:potion":2,"minecraft:crimson_planks":7,"minecraft:string":4,"minecraft:purple_banner":2,"minecraft:beetroot":2,"irons_spellbooks:arcane_essence":21,"minecraft:cobbled_deepslate":92,"minecraft:gold_nugget":148,"minecraft:spruce_planks":55,"minecraft:calcite":56,"minecraft:azalea":18,"minecraft:iron_pickaxe":5,"minecraft:melon_slice":95,"minecraft:coal_block":4,"irons_spellbooks:inscription_table":6,"bloodandmadness:pure_quicksilver":3,"minecraft:stick":24,"apotheosis:gem":8,"minecraft:torch":72,"minecraft:acacia_log":83,"quark:yellow_corundum_cluster":2,"minecraft:porkchop":5,"biomemakeover:cowboy_hat":4,"monsterplus:crystal_clump":5,"minecraft:stone_sword":1,"minecraft:cactus":4,"minecraft:rotten_flesh":32,"minecraft:iron_block":11,"minecraft:iron_bars":13,"ars_nouveau:drygmy_shard":1,"minecraft:cobblestone":152,"minecraft:iron_door":1,"minecraft:water_bucket":5,"minecraft:jungle_log":35,"minecraft:brown_wool":4,"minecraft:jungle_wood":11,"minecraft:potato":4,"minecraft:flint":1,"minecraft:tuff":10,"supplementaries:flax_seeds":2,"minecraft:dirt":52,"minecraft:purple_carpet":5,"minecraft:bone":16,"minecraft:acacia_planks":2,"epicfight:iron_greatsword":3,"minecraft:wheat_seeds":7,"dannys_expansion:yellow_spores":3,"minecraft:mossy_stone_bricks":3,"minecraft:rabbit":1,"minecraft:moss_block":3,"minecraft:cyan_concrete":30,"minecraft:oak_planks":78,"irons_spellbooks:frozen_bone":2,"ecologics:prickly_pear":2,"minecraft:jungle_planks":20,"minecraft:sand":2,"minecraft:spectral_arrow":1,"minecraft:jungle_slab":5,"minecraft:iron_hoe":1,"minecraft:dispenser":2,"minecraft:diamond":9,"minecraft:black_concrete":10,"minecraft:granite":2,"minecraft:bread":34,"minecraft:emerald":6,"orcz:ironscrap":5,"minecraft:oak_sapling":3,"minecraft:bricks":5,"minecraft:coarse_dirt":1,"minecraft:crafting_table":1,"minecraft:allium":1,"minecraft:purple_wool":3,"minecraft:leather_leggings":1,"minecraft:brick":1,"minecraft:oak_trapdoor":1,"minecraft:red_bed":5,"minecraft:iron_axe":3,"minecraft:quartz_slab":2,"minecraft:cracked_stone_bricks":11,"minecraft:beef":16,"minecraft:spruce_slab":1,"minecraft:light_gray_wool":2,"minecraft:dark_oak_sapling":8,"minecraft:raw_iron":52,"minecraft:stripped_crimson_hyphae":3,"quark:green_corundum_cluster":9,"minecraft:carrot":8,"minecraft:redstone":20,"bloodandmadness:beastblood_clump":2,"minecraft:purple_terracotta":1,"minecraft:dark_oak_planks":6,"hexerei:sage_seed":2,"minecraft:arrow":86,"minecraft:beetroot_seeds":18,"minecraft:purpur_slab":4,"minecraft:hay_block":24,"minecraft:mutton":37,"minecraft:white_wool":69,"minecraft:bone_block":2,"minecraft:leather":9,"minecraft:filled_map":1,"minecraft:oak_log":13,"jet_and_elias_armors:mercenary_gear_helmet":1,"minecraft:yellow_bed":1,"minecraft:cobblestone_wall":1,"minecraft:white_banner":1,"immersive_weathering:jungle_bark":2,"minecraft:apple":1,"minecraft:stone_bricks":9,"minecraft:iron_ingot":46,"goblinsanddungeons:scoria":15,"minecraft:acacia_sapling":1,"minecraft:flowering_azalea":3,"minecraft:dark_oak_stairs":1,"minecraft:book":88,"minecraft:emerald_block":3,"quark:red_corundum_cluster":4,"ba_bt:monolith_key_land":2,"minecraft:spruce_sapling":68,"minecraft:spruce_log":168,"simple_mobs:blighted_meat":1,"quark:green_corundum":2,"minecraft:spider_eye":2,"immersive_weathering:stone_brick":5,"minecraft:leather_helmet":1,"simple_mobs:largecavefragment":5,"minecraft:oak_wood":3,"minecraft:stone_axe":2,"monsterplus:crystal_shard":5,"minecraft:chainmail_leggings":1,"minecraft:black_wool":2,"minecraft:red_concrete":20,"minecraft:coal":118,"minecraft:ender_pearl":26,"minecraft:wooden_axe":1},"minecraft:killed":{"minecraft:spider":3,"dannys_expansion:foamspring":1,"monsterplus:crystal_zombie":3,"minecraft:skeleton":11,"monsterplus:glow_skeleton":1,"minecraft:pig":3,"minecraft:sheep":26,"minecraft:pillager":9,"minecraft:zombie":13,"minecraft:stray":1,"alexsmobs:tiger":1,"minecraft:vindicator":11,"bloodandmadness:brainsucker":1,"simple_mobs:cave_golem":1,"humancompanions:axeguard":1,"simple_mobs:caped_minotaur":1,"restored_earth:wooly_cow":3,"ars_nouveau:wilden_stalker":1,"minecraft:wither_skeleton":1},"minecraft:mined":{"minecraft:dark_oak_planks":6,"minecraft:spruce_planks":49,"minecraft:jungle_slab":4,"minecraft:jungle_leaves":3,"minecraft:granite":2,"minecraft:stripped_crimson_hyphae":3,"minecraft:acacia_log":1,"minecraft:grass_block":50,"quark:green_corundum_cluster":3,"minecraft:bubble_coral_fan":1,"minecraft:coal_block":5,"minecraft:purpur_slab":2,"minecraft:spawner":11,"minecraft:iron_ore":5,"minecraft:dark_oak_stairs":1,"minecraft:flowering_azalea_leaves":1,"minecraft:iron_bars":7,"minecraft:quartz_slab":2,"minecraft:purple_carpet":5,"minecraft:iron_block":3,"minecraft:spruce_slab":1,"minecraft:deepslate_redstone_ore":1,"minecraft:red_bed":2,"minecraft:torch":4,"minecraft:calcite":56,"minecraft:melon":25,"minecraft:dead_bush":1,"minecraft:cobblestone":10,"minecraft:bricks":5,"minecraft:iron_door":2,"minecraft:wall_torch":5,"minecraft:jungle_wood":14,"minecraft:grass":9,"minecraft:oak_log":8,"minecraft:sand":2,"minecraft:dirt":9,"ba_bt:spawner_marker":3,"minecraft:crimson_planks":7,"quark:yellow_corundum_cluster":2,"minecraft:dispenser":2,"minecraft:oak_leaves":55,"minecraft:deepslate":95,"minecraft:emerald_block":1,"minecraft:tuff":10,"minecraft:dark_oak_leaves":37,"minecraft:deepslate_diamond_ore":3,"minecraft:purple_terracotta":3,"minecraft:jungle_planks":20,"minecraft:spruce_leaves":1,"minecraft:hay_block":21,"minecraft:oak_trapdoor":1,"minecraft:chiseled_sandstone":1,"minecraft:black_concrete":2,"treechop:chopped_log":10,"minecraft:bookshelf":4,"minecraft:cyan_concrete":6,"minecraft:deepslate_iron_ore":1,"minecraft:vine":3,"irons_spellbooks:inscription_table":2,"minecraft:stone":145,"minecraft:bone_block":2,"minecraft:potted_allium":1,"minecraft:podzol":1,"quark:dark_oak_chest":1,"ba_bt:bt_land_spawner":8,"minecraft:spruce_door":1,"goblinsanddungeons:scoria":15,"minecraft:smooth_sandstone":2,"minecraft:oak_wood":3,"minecraft:red_concrete":20,"supplementaries:urn":1,"minecraft:purple_wool":3,"minecraft:coarse_dirt":1,"minecraft:cobblestone_wall":1,"quark:green_corundum":2,"minecraft:coal_ore":38,"minecraft:gravel":1,"minecraft:cracked_stone_bricks":11,"minecraft:acacia_planks":2,"minecraft:stone_bricks":8,"minecraft:mossy_stone_bricks":3,"minecraft:fern":1}},"DataVersion":2975}