{"stats":{"minecraft:picked_up":{"minecraft:wooden_axe":1,"minecraft:jungle_log":24,"minecraft:leather_leggings":1,"minecraft:brown_wool":1,"minecraft:enchanted_book":1,"minecraft:tuff":10,"minecraft:oak_log":5,"minecraft:crimson_planks":7,"supplementaries:flax_seeds":2,"jet_and_elias_armors:mercenary_gear_helmet":1,"minecraft:quartz_slab":2,"minecraft:bone":2,"minecraft:cobbled_deepslate":75,"minecraft:spruce_planks":25,"minecraft:azalea":5,"minecraft:light_gray_wool":2,"minecraft:spruce_slab":1,"minecraft:coal_block":2,"goblinsanddungeons:scoria":15,"minecraft:flowering_azalea":3,"minecraft:raw_iron":1,"apotheosis:gem":2,"minecraft:sand":2,"minecraft:jungle_planks":10,"minecraft:redstone":5,"minecraft:jungle_slab":5,"minecraft:leather_helmet":1,"minecraft:purple_terracotta":1,"minecraft:arrow":2,"minecraft:dispenser":2,"minecraft:diamond":1,"minecraft:stone_axe":1,"minecraft:emerald":5,"minecraft:oak_sapling":1,"minecraft:black_wool":2,"minecraft:mutton":37,"minecraft:white_wool":21,"minecraft:bone_block":2,"minecraft:cobblestone":58},"minecraft:killed_by":{"minecraft:player":1,"minecraft:skeleton":1,"minecraft:spider":1},"minecraft:killed":{"humancompanions:axeguard":1,"minecraft:vindicator":9,"minecraft:sheep":26,"minecraft:pillager":1,"minecraft:wither_skeleton":1},"minecraft:dropped":{"minecraft:leather_helmet":1,"minecraft:jungle_slab":1,"minecraft:iron_chestplate":1,"minecraft:wooden_axe":1,"minecraft:oak_sapling":1,"minecraft:bone_block":2,"minecraft:wooden_pickaxe":1,"minecraft:quartz_slab":2},"minecraft:mined":{"minecraft:deepslate_redstone_ore":1,"minecraft:tuff":10,"minecraft:spruce_planks":25,"minecraft:deepslate_diamond_ore":1,"minecraft:jungle_slab":4,"quark:dark_oak_chest":1,"minecraft:smooth_sandstone":2,"goblinsanddungeons:scoria":15,"minecraft:purple_terracotta":3,"minecraft:jungle_planks":10,"minecraft:coal_block":2,"supplementaries:urn":1,"minecraft:chiseled_sandstone":1,"treechop:chopped_log":3,"minecraft:deepslate_iron_ore":1,"minecraft:quartz_slab":2,"minecraft:sand":2,"minecraft:crimson_planks":7,"minecraft:stone":58,"minecraft:dispenser":2,"minecraft:bone_block":2,"minecraft:spruce_slab":1,"minecraft:deepslate":77},"minecraft:used":{"minecraft:cooked_mutton":3,"minecraft:stone_pickaxe":31,"minecraft:leather_chestplate":1,"minecraft:wooden_pickaxe":14,"minecraft:jungle_boat":1,"minecraft:sand":2,"minecraft:crafting_table":3,"minecraft:jungle_planks":36,"minecraft:purple_terracotta":1,"minecraft:tuff":10,"minecraft:wooden_axe":11,"minecraft:bread":7,"minecraft:iron_pickaxe":132,"epicfight:stone_greatsword":65,"minecraft:stone_axe":58,"minecraft:cobblestone":20,"minecraft:cobbled_deepslate":72},"minecraft:custom":{"lootr:looted_stat":1,"minecraft:interact_with_furnace":9,"minecraft:mob_kills":39,"minecraft:interact_with_crafting_table":23,"minecraft:leave_game":7,"minecraft:time_since_death":57004,"minecraft:sleep_in_bed":1,"minecraft:time_since_rest":14408,"champions:champion_mobs_killed":11,"minecraft:sprint_one_cm":188191,"minecraft:damage_taken":1485,"minecraft:walk_one_cm":476878,"minecraft:trigger_trapped_chest":6,"minecraft:drop":10,"minecraft:damage_dealt":4383,"minecraft:swim_one_cm":19011,"minecraft:fly_one_cm":111125,"minecraft:open_chest":8,"minecraft:crouch_one_cm":5313,"minecraft:play_time":71809,"minecraft:deaths":3,"minecraft:sneak_time":1243,"minecraft:walk_under_water_one_cm":6663,"minecraft:boat_one_cm":1139,"minecraft:jump":910,"minecraft:interact_with_brewingstand":1,"minecraft:walk_on_water_one_cm":7392,"minecraft:total_world_time":71809,"minecraft:inspect_dispenser":1,"minecraft:fall_one_cm":9614},"minecraft:crafted":{"minecraft:wooden_pickaxe":1,"minecraft:cooked_mutton":33,"minecraft:air":123,"minecraft:stick":8}},"DataVersion":2975}