{"stats":{"minecraft:broken":{"minecraft:leather_leggings":1,"minecraft:stone_axe":1},"minecraft:mined":{"minecraft:dark_oak_planks":1,"minecraft:tuff":10,"minecraft:spruce_planks":29,"minecraft:deepslate_diamond_ore":1,"minecraft:jungle_slab":4,"minecraft:purple_terracotta":3,"minecraft:stripped_crimson_hyphae":3,"minecraft:jungle_planks":17,"minecraft:bubble_coral_fan":1,"minecraft:coal_block":2,"minecraft:purpur_slab":2,"minecraft:spruce_leaves":1,"minecraft:spawner":1,"minecraft:hay_block":18,"minecraft:chiseled_sandstone":1,"minecraft:black_concrete":2,"treechop:chopped_log":6,"minecraft:bookshelf":3,"minecraft:deepslate_iron_ore":1,"minecraft:quartz_slab":2,"minecraft:stone":58,"minecraft:bone_block":2,"minecraft:spruce_slab":1,"minecraft:deepslate_redstone_ore":1,"quark:dark_oak_chest":1,"goblinsanddungeons:scoria":15,"minecraft:smooth_sandstone":2,"minecraft:oak_wood":3,"minecraft:dead_bush":1,"minecraft:red_concrete":9,"minecraft:bricks":4,"minecraft:iron_door":1,"supplementaries:urn":1,"minecraft:purple_wool":2,"minecraft:coarse_dirt":1,"minecraft:oak_log":6,"minecraft:sand":2,"minecraft:crimson_planks":7,"minecraft:dispenser":2,"minecraft:oak_leaves":2,"minecraft:deepslate":77},"minecraft:picked_up":{"minecraft:wooden_axe":1,"minecraft:coarse_dirt":1,"minecraft:purple_wool":2,"minecraft:chainmail_boots":1,"minecraft:leather_leggings":1,"minecraft:enchanted_book":1,"minecraft:crimson_planks":7,"minecraft:quartz_slab":2,"minecraft:purple_banner":2,"minecraft:cobbled_deepslate":75,"minecraft:spruce_planks":29,"minecraft:beef":16,"minecraft:azalea":5,"minecraft:spruce_slab":1,"minecraft:light_gray_wool":2,"minecraft:coal_block":2,"bloodandmadness:pure_quicksilver":3,"minecraft:raw_iron":1,"minecraft:stick":3,"minecraft:stripped_crimson_hyphae":3,"apotheosis:gem":2,"minecraft:redstone":5,"minecraft:purple_terracotta":1,"bloodandmadness:beastblood_clump":1,"minecraft:dark_oak_planks":1,"minecraft:arrow":14,"minecraft:cactus":3,"minecraft:rotten_flesh":1,"minecraft:hay_block":18,"minecraft:purpur_slab":4,"minecraft:mutton":37,"minecraft:bone_block":2,"minecraft:white_wool":21,"minecraft:cobblestone":58,"minecraft:iron_door":1,"minecraft:jungle_log":24,"minecraft:brown_wool":4,"minecraft:leather":5,"minecraft:tuff":10,"minecraft:oak_log":11,"jet_and_elias_armors:mercenary_gear_helmet":1,"supplementaries:flax_seeds":2,"minecraft:bone":3,"goblinsanddungeons:scoria":15,"minecraft:flowering_azalea":3,"minecraft:book":9,"ecologics:prickly_pear":1,"minecraft:jungle_planks":17,"minecraft:sand":2,"minecraft:spruce_sapling":24,"minecraft:spruce_log":22,"minecraft:jungle_slab":5,"minecraft:leather_helmet":1,"minecraft:oak_wood":3,"minecraft:dispenser":2,"minecraft:diamond":1,"minecraft:stone_axe":1,"minecraft:black_concrete":2,"minecraft:emerald":6,"minecraft:oak_sapling":1,"minecraft:red_concrete":9,"minecraft:black_wool":2,"minecraft:bricks":4},"minecraft:killed":{"minecraft:vindicator":10,"minecraft:skeleton":2,"bloodandmadness:brainsucker":1,"humancompanions:axeguard":1,"restored_earth:wooly_cow":3,"minecraft:sheep":26,"minecraft:pillager":9,"minecraft:zombie":1,"minecraft:wither_skeleton":1},"minecraft:killed_by":{"minecraft:player":1,"iceandfire:deathworm":1,"minecraft:spider":1,"minecraft:skeleton":1},"minecraft:crafted":{"minecraft:cooked_mutton":33,"epicfight:iron_greatsword":1,"sophisticatedbackpacks:backpack":1,"minecraft:crafting_table":1,"minecraft:wooden_pickaxe":1,"minecraft:air":337,"minecraft:stick":8},"minecraft:used":{"minecraft:spruce_slab":1,"minecraft:spruce_planks":105,"minecraft:jungle_planks":62,"minecraft:tuff":10,"minecraft:purple_banner":1,"minecraft:wooden_axe":21,"minecraft:iron_axe":22,"epicfight:stone_greatsword":127,"minecraft:crimson_planks":7,"minecraft:cobbled_deepslate":72,"minecraft:cooked_mutton":25,"minecraft:stone_pickaxe":31,"minecraft:oak_planks":12,"minecraft:wooden_pickaxe":14,"minecraft:leather_chestplate":1,"minecraft:jungle_boat":1,"minecraft:sand":2,"minecraft:crafting_table":7,"minecraft:white_bed":1,"minecraft:purple_terracotta":1,"minecraft:bread":7,"minecraft:brown_wool":3,"minecraft:iron_pickaxe":151,"minecraft:purpur_slab":4,"minecraft:stone_axe":109,"minecraft:cobblestone":57},"minecraft:custom":{"lootr:looted_stat":23,"minecraft:mob_kills":55,"minecraft:interact_with_crafting_table":31,"minecraft:open_barrel":1,"minecraft:damage_dealt_resisted":266,"minecraft:leave_game":8,"minecraft:time_since_death":19901,"minecraft:climb_one_cm":1420,"minecraft:sprint_one_cm":269185,"champions:champion_mobs_killed":23,"minecraft:walk_one_cm":704105,"minecraft:drop":18,"minecraft:play_time":108525,"minecraft:deaths":4,"minecraft:sneak_time":4495,"minecraft:walk_under_water_one_cm":22185,"minecraft:boat_one_cm":1139,"minecraft:jump":1449,"minecraft:interact_with_brewingstand":1,"minecraft:walk_on_water_one_cm":20885,"minecraft:total_world_time":108525,"minecraft:interact_with_furnace":10,"minecraft:sleep_in_bed":2,"minecraft:time_since_rest":8923,"minecraft:damage_taken":3294,"minecraft:trigger_trapped_chest":6,"minecraft:damage_dealt":7359,"minecraft:swim_one_cm":39611,"minecraft:fly_one_cm":198589,"minecraft:open_chest":11,"minecraft:crouch_one_cm":24519,"minecraft:fall_one_cm":19564,"minecraft:inspect_dispenser":3},"minecraft:dropped":{"minecraft:leather_helmet":1,"minecraft:jungle_slab":5,"minecraft:wooden_axe":1,"minecraft:iron_door":1,"minecraft:bone_block":2,"minecraft:spruce_sapling":8,"minecraft:purple_banner":1,"minecraft:iron_chestplate":1,"minecraft:oak_sapling":1,"minecraft:beef":8,"minecraft:wooden_pickaxe":1,"minecraft:quartz_slab":2}},"DataVersion":2975}