{"stats":{"minecraft:killed":{"minecraft:sheep":26,"minecraft:pillager":1,"humancompanions:axeguard":1,"minecraft:wither_skeleton":1},"minecraft:custom":{"minecraft:time_since_rest":41095,"minecraft:interact_with_furnace":1,"champions:champion_mobs_killed":2,"minecraft:sprint_one_cm":164004,"minecraft:damage_taken":1316,"minecraft:walk_one_cm":398411,"minecraft:trigger_trapped_chest":4,"minecraft:mob_kills":30,"minecraft:drop":1,"minecraft:damage_dealt":3185,"minecraft:swim_one_cm":12812,"minecraft:interact_with_crafting_table":22,"minecraft:fly_one_cm":104311,"minecraft:open_chest":6,"minecraft:crouch_one_cm":3928,"minecraft:play_time":55806,"minecraft:deaths":3,"minecraft:sneak_time":813,"minecraft:walk_under_water_one_cm":5578,"minecraft:boat_one_cm":1139,"minecraft:jump":844,"minecraft:leave_game":5,"minecraft:time_since_death":41001,"minecraft:walk_on_water_one_cm":4192,"minecraft:total_world_time":55806,"minecraft:fall_one_cm":9614},"minecraft:dropped":{"minecraft:wooden_pickaxe":1},"minecraft:crafted":{"minecraft:stick":8,"minecraft:wooden_pickaxe":1,"minecraft:air":103},"minecraft:killed_by":{"minecraft:player":1,"minecraft:skeleton":1,"minecraft:spider":1},"minecraft:picked_up":{"minecraft:raw_iron":1,"minecraft:leather_leggings":1,"minecraft:jungle_log":24,"minecraft:brown_wool":1,"minecraft:enchanted_book":1,"minecraft:sand":2,"minecraft:tuff":10,"supplementaries:flax_seeds":2,"minecraft:redstone":5,"minecraft:leather_helmet":1,"minecraft:bone":2,"minecraft:arrow":2,"minecraft:diamond":1,"minecraft:stone_axe":1,"minecraft:cobbled_deepslate":75,"minecraft:azalea":5,"minecraft:light_gray_wool":2,"minecraft:black_wool":2,"minecraft:mutton":37,"minecraft:flowering_azalea":3,"goblinsanddungeons:scoria":15,"minecraft:bone_block":2,"minecraft:white_wool":21,"minecraft:cobblestone":58},"minecraft:mined":{"supplementaries:urn":1,"minecraft:deepslate_redstone_ore":1,"minecraft:tuff":10,"minecraft:deepslate_diamond_ore":1,"minecraft:chiseled_sandstone":1,"quark:dark_oak_chest":1,"treechop:chopped_log":2,"minecraft:smooth_sandstone":2,"goblinsanddungeons:scoria":15,"minecraft:deepslate_iron_ore":1,"minecraft:sand":2,"minecraft:stone":58,"minecraft:bone_block":2,"minecraft:deepslate":77},"minecraft:used":{"minecraft:wooden_axe":11,"minecraft:bread":6,"minecraft:stone_pickaxe":31,"minecraft:iron_pickaxe":123,"minecraft:leather_chestplate":1,"minecraft:wooden_pickaxe":14,"epicfight:stone_greatsword":47,"minecraft:jungle_boat":1,"minecraft:sand":2,"minecraft:cobblestone":20,"minecraft:crafting_table":3,"minecraft:tuff":10,"minecraft:cobbled_deepslate":72}},"DataVersion":2975}