{"stat.flyOneCm":74651,"stat.deaths":1,"stat.walkOneCm":7260,"stat.drop":5,"stat.jump":27,"stat.mineBlock.minecraft.leaves":2,"stat.playOneMinute":8382,"stat.drop.mysticalworld.silver_boots":1,"stat.drop.mysticalworld.silver_leggings":1,"stat.pickup.tropicraft.flower":1,"stat.climbOneCm":834,"stat.drop.erebus.death_compass":1,"stat.sneakTime":83,"stat.damageTaken":25,"stat.damageDealt":10,"stat.timeSinceDeath":2961,"stat.sprintOneCm":682,"stat.drop.mysticalworld.silver_helmet":1,"stat.drop.mysticalworld.silver_chestplate":1}