{"stats":{"minecraft:custom":{"minecraft:interact_with_furnace":4,"minecraft:interact_with_crafting_table":7,"minecraft:leave_game":3,"minecraft:time_since_death":57783,"minecraft:climb_one_cm":16,"minecraft:time_since_rest":57783,"minecraft:sprint_one_cm":108628,"minecraft:damage_taken":767,"minecraft:walk_one_cm":258012,"minecraft:drop":16,"minecraft:damage_dealt":742,"minecraft:swim_one_cm":11628,"minecraft:player_kills":1,"minecraft:fly_one_cm":177544,"minecraft:open_chest":2,"minecraft:crouch_one_cm":2188,"minecraft:play_time":57783,"minecraft:sneak_time":679,"minecraft:walk_under_water_one_cm":1446,"minecraft:jump":744,"minecraft:walk_on_water_one_cm":8911,"minecraft:total_world_time":57783,"minecraft:fall_one_cm":14368},"minecraft:crafted":{"minecraft:furnace":1,"minecraft:air":52,"minecraft:diamond_pickaxe":1,"minecraft:iron_ingot":15,"minecraft:iron_pickaxe":2,"minecraft:torch":8},"minecraft:dropped":{"minecraft:oak_slab":2,"minecraft:cobbled_deepslate":64,"minecraft:tuff":17,"quark:red_corundum_cluster":2,"quark:violet_corundum":3,"minecraft:oak_sign":1,"minecraft:red_carpet":1,"minecraft:spruce_fence_gate":1,"minecraft:filled_map":1,"quark:violet_corundum_cluster":7,"goblinsanddungeons:scoria":4,"minecraft:azalea":5,"minecraft:oak_stairs":1,"minecraft:flowering_azalea":1,"quark:red_corundum":1},"minecraft:broken":{"minecraft:iron_pickaxe":2},"minecraft:picked_up":{"minecraft:charcoal":2,"minecraft:crafting_table":2,"iceandfire:copper_ore":8,"minecraft:jungle_log":13,"minecraft:oak_stairs":1,"minecraft:birch_planks":1,"minecraft:tuff":76,"create:raw_zinc":18,"supplementaries:flax_seeds":2,"minecraft:lapis_lazuli":30,"minecraft:red_carpet":1,"minecraft:bone":3,"minecraft:oak_sign":1,"minecraft:cobbled_deepslate":412,"minecraft:raw_gold":28,"minecraft:azalea":5,"minecraft:spruce_slab":2,"goblinsanddungeons:scoria":119,"minecraft:flowering_azalea":1,"minecraft:furnace":1,"minecraft:oak_slab":2,"minecraft:stick":8,"minecraft:raw_iron":18,"quark:red_corundum_cluster":2,"quark:violet_corundum":3,"minecraft:sand":2,"minecraft:redstone":172,"quark:red_corundum":1,"minecraft:spruce_fence_gate":1,"minecraft:diamond":16,"quark:violet_corundum_cluster":7,"supplementaries:ash":6,"minecraft:cobblestone":32},"minecraft:mined":{"quark:violet_corundum":3,"create:zinc_ore":9,"quark:red_corundum":1,"minecraft:deepslate_redstone_ore":33,"create:deepslate_zinc_ore":9,"minecraft:tuff":82,"minecraft:deepslate_diamond_ore":16,"goblinsanddungeons:scoria":140,"minecraft:crafting_table":2,"minecraft:campfire":1,"minecraft:deepslate_gold_ore":28,"minecraft:moss_block":1,"immersive_weathering:azalea_leaf_pile":3,"supplementaries:urn":3,"minecraft:birch_planks":2,"minecraft:redstone_ore":5,"minecraft:furnace":1,"iceandfire:copper_ore":8,"minecraft:iron_ore":13,"minecraft:cobbled_deepslate":4,"treechop:chopped_log":1,"minecraft:deepslate_lapis_ore":6,"minecraft:deepslate_iron_ore":9,"minecraft:oak_stairs":1,"minecraft:sand":3,"minecraft:spruce_fence_gate":1,"minecraft:stone":32,"quark:violet_corundum_cluster":4,"minecraft:spruce_slab":3,"minecraft:deepslate":461,"quark:red_corundum_cluster":1},"minecraft:used":{"minecraft:stone_sword":27,"minecraft:spruce_slab":2,"minecraft:torch":1,"minecraft:sand":2,"minecraft:crafting_table":1,"minecraft:diamond_pickaxe":370,"minecraft:iron_pickaxe":500,"minecraft:furnace":1,"minecraft:cobbled_deepslate":28}},"DataVersion":2975}