{"stats":{"minecraft:used":{"minecraft:stone_sword":7},"minecraft:custom":{"minecraft:jump":279,"minecraft:time_since_rest":8897,"minecraft:damage_dealt":381,"minecraft:crouch_one_cm":109,"minecraft:walk_on_water_one_cm":2826,"minecraft:sprint_one_cm":42373,"minecraft:play_time":8897,"minecraft:damage_taken":324,"minecraft:time_since_death":8897,"minecraft:walk_one_cm":48630,"minecraft:sneak_time":90,"minecraft:total_world_time":8897,"minecraft:walk_under_water_one_cm":144,"minecraft:swim_one_cm":1082,"minecraft:fall_one_cm":6525,"minecraft:fly_one_cm":119292}},"DataVersion":2975}