{"stats":{"minecraft:mined":{"create:zinc_ore":9,"supplementaries:urn":3,"minecraft:tuff":17,"minecraft:birch_planks":2,"minecraft:redstone_ore":5,"iceandfire:copper_ore":8,"minecraft:iron_ore":13,"goblinsanddungeons:scoria":4,"treechop:chopped_log":1,"minecraft:deepslate_lapis_ore":6,"minecraft:crafting_table":1,"minecraft:deepslate_iron_ore":6,"minecraft:oak_stairs":1,"minecraft:sand":3,"minecraft:campfire":1,"minecraft:deepslate_gold_ore":6,"minecraft:spruce_fence_gate":1,"minecraft:stone":32,"minecraft:moss_block":1,"minecraft:deepslate_redstone_ore":3,"quark:violet_corundum_cluster":4,"immersive_weathering:azalea_leaf_pile":3,"minecraft:deepslate":89,"minecraft:spruce_slab":3,"quark:red_corundum":1,"quark:red_corundum_cluster":1,"quark:violet_corundum":3},"minecraft:used":{"minecraft:stone_sword":14,"minecraft:spruce_slab":2,"minecraft:iron_pickaxe":210,"minecraft:sand":2},"minecraft:custom":{"minecraft:time_since_rest":32897,"minecraft:sprint_one_cm":84414,"minecraft:damage_taken":767,"minecraft:walk_one_cm":147688,"minecraft:damage_dealt":381,"minecraft:swim_one_cm":11628,"minecraft:interact_with_crafting_table":3,"minecraft:fly_one_cm":162009,"minecraft:open_chest":2,"minecraft:crouch_one_cm":434,"minecraft:play_time":32897,"minecraft:sneak_time":123,"minecraft:walk_under_water_one_cm":1446,"minecraft:jump":574,"minecraft:walk_on_water_one_cm":8911,"minecraft:time_since_death":32897,"minecraft:climb_one_cm":16,"minecraft:total_world_time":32897,"minecraft:fall_one_cm":14157},"minecraft:picked_up":{"minecraft:raw_iron":15,"minecraft:oak_slab":2,"minecraft:charcoal":2,"minecraft:stick":8,"minecraft:crafting_table":1,"quark:red_corundum_cluster":2,"quark:violet_corundum":3,"iceandfire:copper_ore":8,"minecraft:jungle_log":13,"minecraft:oak_stairs":1,"minecraft:birch_planks":1,"minecraft:sand":2,"minecraft:tuff":17,"create:raw_zinc":9,"supplementaries:flax_seeds":2,"minecraft:redstone":36,"quark:red_corundum":1,"minecraft:lapis_lazuli":30,"minecraft:spruce_fence_gate":1,"minecraft:red_carpet":1,"minecraft:bone":3,"minecraft:oak_sign":1,"minecraft:cobbled_deepslate":59,"minecraft:raw_gold":6,"quark:violet_corundum_cluster":7,"supplementaries:ash":6,"minecraft:azalea":5,"minecraft:spruce_slab":2,"goblinsanddungeons:scoria":4,"minecraft:flowering_azalea":1,"minecraft:cobblestone":32},"minecraft:crafted":{"minecraft:iron_pickaxe":1,"minecraft:torch":8,"minecraft:air":52}},"DataVersion":2975}