{"stats":{"minecraft:broken":{"minecraft:iron_pickaxe":2,"minecraft:leather_chestplate":1},"minecraft:mined":{"quark:violet_corundum":3,"create:zinc_ore":9,"quark:red_corundum":1,"minecraft:deepslate_redstone_ore":33,"create:deepslate_zinc_ore":9,"minecraft:tuff":101,"minecraft:deepslate_diamond_ore":17,"minecraft:orange_terracotta":4,"goblinsanddungeons:scoria":178,"minecraft:crafting_table":2,"minecraft:campfire":1,"iceandfire:fire_lily":1,"minecraft:deepslate_gold_ore":34,"minecraft:moss_block":1,"immersive_weathering:azalea_leaf_pile":3,"supplementaries:urn":3,"minecraft:birch_planks":2,"minecraft:redstone_ore":5,"minecraft:furnace":1,"iceandfire:copper_ore":8,"minecraft:cobbled_deepslate":4,"minecraft:iron_ore":13,"treechop:chopped_log":1,"minecraft:deepslate_lapis_ore":6,"minecraft:deepslate_iron_ore":9,"minecraft:oak_stairs":1,"minecraft:gravel":1,"minecraft:sand":3,"minecraft:spruce_fence_gate":1,"minecraft:stone":32,"quark:violet_corundum_cluster":4,"minecraft:spruce_slab":3,"minecraft:deepslate":640,"quark:red_corundum_cluster":1},"minecraft:picked_up":{"minecraft:iron_chestplate":1,"minecraft:charcoal":2,"minecraft:crafting_table":2,"iceandfire:copper_ore":8,"minecraft:jungle_log":13,"minecraft:oak_stairs":1,"minecraft:birch_planks":1,"minecraft:enchanted_book":1,"minecraft:tuff":94,"create:raw_zinc":18,"supplementaries:flax_seeds":2,"minecraft:lapis_lazuli":30,"minecraft:orange_terracotta":2,"minecraft:red_carpet":1,"minecraft:bone":3,"minecraft:oak_sign":1,"minecraft:cobbled_deepslate":520,"minecraft:raw_gold":34,"minecraft:azalea":5,"minecraft:spruce_slab":2,"goblinsanddungeons:scoria":149,"minecraft:flowering_azalea":1,"minecraft:furnace":1,"minecraft:oak_slab":2,"minecraft:stick":8,"minecraft:raw_iron":18,"quark:red_corundum_cluster":2,"quark:violet_corundum":3,"minecraft:sand":2,"minecraft:redstone":172,"quark:red_corundum":1,"minecraft:leather_helmet":1,"minecraft:spruce_fence_gate":1,"minecraft:diamond_shovel":2,"minecraft:rotten_flesh":2,"minecraft:diamond":17,"quark:violet_corundum_cluster":7,"supplementaries:ash":6,"minecraft:cobblestone":32},"minecraft:killed":{"minecraft:spider":2,"minecraft:pillager":1,"ars_nouveau:wilden_stalker":1},"minecraft:killed_by":{"minecraft:husk":1,"minecraft:player":3,"minecraft:wither_skeleton":1,"minecraft:zombie":1,"creeperoverhaul:desert_creeper":1,"ars_nouveau:wilden_stalker":1},"minecraft:crafted":{"minecraft:furnace":1,"minecraft:air":52,"minecraft:diamond_pickaxe":1,"minecraft:iron_ingot":15,"minecraft:iron_pickaxe":2,"minecraft:torch":8},"minecraft:used":{"minecraft:stone_sword":67,"minecraft:spruce_slab":2,"minecraft:rotten_flesh":1,"minecraft:torch":3,"minecraft:sand":2,"minecraft:crafting_table":1,"minecraft:diamond_pickaxe":618,"minecraft:bread":6,"minecraft:iron_pickaxe":500,"supplementaries:flax_seeds":2,"minecraft:furnace":1,"minecraft:cobbled_deepslate":91},"minecraft:custom":{"minecraft:interact_with_furnace":4,"lootr:looted_stat":10,"minecraft:mob_kills":5,"minecraft:interact_with_crafting_table":7,"minecraft:leave_game":5,"minecraft:time_since_death":6549,"minecraft:climb_one_cm":144,"minecraft:time_since_rest":6617,"minecraft:sprint_one_cm":226153,"champions:champion_mobs_killed":4,"minecraft:damage_taken":3454,"minecraft:walk_one_cm":449200,"minecraft:drop":22,"minecraft:damage_dealt":1861,"minecraft:swim_one_cm":49017,"minecraft:player_kills":1,"minecraft:fly_one_cm":453154,"minecraft:open_chest":2,"minecraft:crouch_one_cm":9996,"minecraft:play_time":89291,"minecraft:deaths":9,"minecraft:sneak_time":1605,"minecraft:walk_under_water_one_cm":13943,"minecraft:jump":1513,"minecraft:walk_on_water_one_cm":20468,"minecraft:total_world_time":89291,"minecraft:fall_one_cm":31687},"minecraft:dropped":{"minecraft:oak_slab":2,"jet_and_elias_armors:mercenary_gear_helmet":1,"minecraft:cobbled_deepslate":218,"minecraft:tuff":17,"quark:red_corundum_cluster":2,"quark:violet_corundum":3,"minecraft:oak_sign":1,"minecraft:red_carpet":1,"quark:violet_corundum_cluster":7,"minecraft:spruce_fence_gate":1,"minecraft:filled_map":1,"supplementaries:ash":6,"goblinsanddungeons:scoria":4,"minecraft:azalea":5,"minecraft:oak_stairs":1,"minecraft:flowering_azalea":1,"quark:red_corundum":1,"minecraft:bone":3}},"DataVersion":2975}