{"stats":{"minecraft:mined":{"minecraft:birch_planks":2,"treechop:chopped_log":1,"minecraft:crafting_table":1,"minecraft:oak_stairs":1,"minecraft:sand":3,"minecraft:campfire":1,"minecraft:spruce_fence_gate":1,"minecraft:stone":6,"minecraft:moss_block":1,"immersive_weathering:azalea_leaf_pile":3,"minecraft:spruce_slab":3},"minecraft:used":{"minecraft:stone_sword":14,"minecraft:spruce_slab":2,"minecraft:iron_pickaxe":6,"minecraft:sand":2},"minecraft:custom":{"minecraft:time_since_rest":20897,"minecraft:sprint_one_cm":60863,"minecraft:damage_taken":626,"minecraft:walk_one_cm":89812,"minecraft:damage_dealt":381,"minecraft:swim_one_cm":11628,"minecraft:interact_with_crafting_table":3,"minecraft:fly_one_cm":151376,"minecraft:open_chest":2,"minecraft:crouch_one_cm":434,"minecraft:play_time":20897,"minecraft:sneak_time":123,"minecraft:walk_under_water_one_cm":1446,"minecraft:jump":410,"minecraft:walk_on_water_one_cm":8911,"minecraft:time_since_death":20897,"minecraft:climb_one_cm":16,"minecraft:total_world_time":20897,"minecraft:fall_one_cm":11092},"minecraft:picked_up":{"minecraft:oak_slab":2,"minecraft:charcoal":2,"minecraft:stick":8,"minecraft:crafting_table":1,"minecraft:jungle_log":13,"minecraft:oak_stairs":1,"minecraft:birch_planks":1,"minecraft:sand":2,"minecraft:spruce_fence_gate":1,"minecraft:red_carpet":1,"minecraft:oak_sign":1,"minecraft:azalea":5,"minecraft:spruce_slab":2,"minecraft:flowering_azalea":1,"minecraft:cobblestone":6},"minecraft:crafted":{"minecraft:iron_pickaxe":1,"minecraft:air":52}},"DataVersion":2975}