{"stats":{"minecraft:killed":{"minecraft:silverfish":1},"minecraft:dropped":{"minecraft:moss_block":1},"minecraft:used":{"minecraft:moss_block":1,"minecraft:stone_pickaxe":37,"minecraft:wooden_pickaxe":14,"minecraft:sandstone":25,"minecraft:iron_sword":32,"magistuarmory:barbedclub":4,"minecraft:stone_axe":29,"minecraft:torch":2,"minecraft:sand":8,"minecraft:cobblestone":17,"minecraft:crafting_table":2,"minecraft:jungle_planks":1},"minecraft:custom":{"minecraft:time_since_rest":889,"lootr:looted_stat":7,"champions:champion_mobs_killed":1,"minecraft:sprint_one_cm":55720,"minecraft:damage_taken":902,"minecraft:walk_one_cm":131804,"minecraft:mob_kills":1,"minecraft:drop":1,"minecraft:damage_dealt":873,"minecraft:interact_with_crafting_table":5,"minecraft:fly_one_cm":212593,"minecraft:crouch_one_cm":1557,"minecraft:play_time":18428,"minecraft:deaths":4,"minecraft:sneak_time":477,"minecraft:jump":316,"minecraft:leave_game":1,"minecraft:walk_on_water_one_cm":2099,"minecraft:time_since_death":860,"minecraft:climb_one_cm":896,"minecraft:total_world_time":18428,"minecraft:fall_one_cm":21110},"minecraft:picked_up":{"minecraft:stick":3,"minecraft:crafting_table":2,"minecraft:sandstone":25,"minecraft:feather":6,"minecraft:clay_ball":4,"minecraft:jungle_log":29,"minecraft:torch":1,"minecraft:sand":8,"minecraft:azalea":1,"minecraft:moss_block":3,"minecraft:cobblestone":24},"minecraft:killed_by":{"minecraft:skeleton":4},"minecraft:mined":{"treechop:chopped_log":4,"minecraft:clay":1,"minecraft:crafting_table":2,"minecraft:torch":1,"minecraft:jungle_log":7,"minecraft:dead_bush":1,"minecraft:sand":8,"minecraft:cobblestone":1,"minecraft:stone":23,"minecraft:moss_block":3,"minecraft:sandstone":25,"minecraft:spawner":2},"minecraft:crafted":{"minecraft:air":28}},"DataVersion":2975}