{"stats":{"minecraft:crafted":{"minecraft:air":48,"minecraft:charcoal":1,"minecraft:iron_ingot":4},"minecraft:custom":{"minecraft:interact_with_furnace":7,"lootr:looted_stat":5,"minecraft:mob_kills":8,"minecraft:interact_with_crafting_table":6,"minecraft:bell_ring":32,"minecraft:damage_dealt_resisted":238,"minecraft:leave_game":11,"minecraft:climb_one_cm":382,"minecraft:time_since_death":6472,"minecraft:time_since_rest":6508,"champions:champion_mobs_killed":5,"minecraft:sprint_one_cm":260604,"minecraft:damage_taken":5532,"minecraft:walk_one_cm":563788,"minecraft:drop":17,"minecraft:damage_dealt":3891,"minecraft:talked_to_villager":1,"minecraft:damage_dealt_absorbed":252,"minecraft:swim_one_cm":37519,"minecraft:fly_one_cm":319467,"minecraft:player_kills":4,"minecraft:open_chest":16,"minecraft:crouch_one_cm":6641,"minecraft:play_time":151676,"minecraft:deaths":21,"minecraft:sneak_time":985,"minecraft:walk_under_water_one_cm":5313,"minecraft:jump":1331,"minecraft:walk_on_water_one_cm":13181,"minecraft:total_world_time":151676,"minecraft:fall_one_cm":28018},"minecraft:picked_up":{"minecraft:wooden_axe":3,"irons_spellbooks:scroll":3,"minecraft:crafting_table":7,"minecraft:ladder":3,"minecraft:tripwire_hook":7,"minecraft:water_bucket":3,"minecraft:jungle_log":50,"minecraft:wooden_pickaxe":3,"minecraft:potato":12,"minecraft:birch_planks":4,"minecraft:filled_map":3,"minecraft:potion":3,"minecraft:mushroom_stew":2,"minecraft:white_banner":4,"minecraft:experience_bottle":6,"minecraft:apple":1,"minecraft:music_disc_otherside":1,"minecraft:beef":2,"minecraft:iron_ingot":3,"minecraft:stone_pickaxe":3,"minecraft:azalea":40,"minecraft:spruce_slab":4,"minecraft:rabbit":5,"minecraft:moss_block":12,"minecraft:coal_block":1,"goblinsanddungeons:scoria":26,"minecraft:flowering_azalea":8,"apotheosis:gem":1,"minecraft:egg":3,"minecraft:furnace":5,"minecraft:sandstone":32,"minecraft:stick":33,"minecraft:raw_iron":52,"quark:red_corundum_cluster":16,"ecologics:prickly_pear":4,"minecraft:torch":8,"minecraft:sand":4,"epicfight:uchigatana":5,"minecraft:carrot":24,"minecraft:dark_oak_log":2,"minecraft:dark_oak_planks":44,"minecraft:iron_hoe":1,"minecraft:oak_wood":3,"minecraft:rotten_flesh":5,"minecraft:cactus":4,"minecraft:stone_axe":3,"ba_bt:land_chest_shard":2,"create:ochrum":28,"minecraft:golden_apple":1,"minecraft:bread":18,"minecraft:emerald":4,"minecraft:cobblestone":42,"ars_nouveau:drygmy_shard":3},"minecraft:mined":{"quark:red_corundum":1,"minecraft:oak_slab":2,"minecraft:dark_oak_log":2,"ba_bt:bt_land_spawner":1,"goblinsanddungeons:scoria":10,"minecraft:crafting_table":4,"ba_bt:land_chest":1,"minecraft:jungle_planks":1,"minecraft:dead_bush":7,"create:ochrum":7,"minecraft:moss_block":3,"minecraft:sandstone":8,"minecraft:wall_torch":2,"minecraft:cactus":2,"minecraft:furnace":2,"iceandfire:copper_ore":1,"minecraft:iron_ore":4,"treechop:chopped_log":1,"minecraft:grass":1,"immersive_weathering:sand_layer_block":1,"minecraft:deepslate_iron_ore":5,"minecraft:vine":1,"minecraft:sand":3,"minecraft:brown_terracotta":1,"minecraft:tripwire_hook":1,"minecraft:stone":21,"minecraft:spruce_slab":2,"minecraft:deepslate":25},"minecraft:killed":{"minecraft:husk":1,"minecraft:rabbit":1,"minecraft:spider":1,"minecraft:wandering_trader":1,"minecraft:pillager":1,"alexsmobs:elephant":1,"iceandfire:ghost":1,"restored_earth:bouldering_zombie":1},"minecraft:killed_by":{"minecraft:husk":1,"ars_nouveau:wilden_hunter":1,"minecraft:player":1,"dannys_expansion:ghoul":1,"minecraft:skeleton":2,"minecraft:spider":1,"minecraft:pillager":2,"restored_earth:bouldering_zombie":7,"dannys_expansion:desertic_slime":3,"dannys_expansion:monstrous_scorpion":1},"minecraft:broken":{"jet_and_elias_armors:outrider_set_helmet":1},"minecraft:dropped":{"minecraft:birch_planks":1,"epicfight:uchigatana":2,"minecraft:music_disc_otherside":1,"minecraft:cobblestone":7,"minecraft:apple":1,"minecraft:mushroom_stew":2,"minecraft:coal_block":1,"supplementaries:flax_seeds":2,"minecraft:oak_wood":3,"minecraft:wooden_axe":1,"minecraft:rabbit":1,"ba_bt:land_chest_shard":2,"minecraft:ladder":3,"minecraft:spruce_slab":4,"minecraft:beef":2,"minecraft:egg":3},"minecraft:used":{"minecraft:water_bucket":1,"minecraft:stone_pickaxe":77,"minecraft:wooden_pickaxe":12,"minecraft:torch":3,"minecraft:sand":4,"minecraft:crafting_table":5,"minecraft:wooden_axe":13,"minecraft:dark_oak_planks":4,"minecraft:stone_axe":5,"minecraft:furnace":2,"minecraft:bucket":2,"epicfight:uchigatana":143}},"DataVersion":2975}