{"stats":{"minecraft:crafted":{"minecraft:air":28},"minecraft:killed":{"minecraft:silverfish":1},"minecraft:used":{"minecraft:moss_block":1,"minecraft:stone_pickaxe":37,"minecraft:wooden_pickaxe":14,"minecraft:sandstone":25,"minecraft:iron_sword":32,"magistuarmory:barbedclub":4,"minecraft:stone_axe":29,"minecraft:torch":2,"minecraft:sand":8,"minecraft:cobblestone":17,"minecraft:crafting_table":2,"minecraft:jungle_planks":1},"minecraft:mined":{"treechop:chopped_log":4,"minecraft:clay":1,"minecraft:crafting_table":2,"minecraft:torch":1,"minecraft:jungle_log":7,"minecraft:dead_bush":1,"minecraft:sand":8,"minecraft:cobblestone":1,"minecraft:stone":23,"minecraft:moss_block":3,"minecraft:sandstone":25,"minecraft:spawner":2},"minecraft:custom":{"minecraft:time_since_rest":4388,"champions:champion_mobs_killed":1,"lootr:looted_stat":7,"minecraft:sprint_one_cm":58419,"minecraft:damage_taken":902,"minecraft:walk_one_cm":140017,"minecraft:mob_kills":1,"minecraft:drop":1,"minecraft:damage_dealt":873,"minecraft:interact_with_crafting_table":5,"minecraft:fly_one_cm":218221,"minecraft:crouch_one_cm":1557,"minecraft:play_time":21927,"minecraft:deaths":4,"minecraft:sneak_time":493,"minecraft:jump":332,"minecraft:leave_game":2,"minecraft:time_since_death":4359,"minecraft:walk_on_water_one_cm":2099,"minecraft:climb_one_cm":896,"minecraft:total_world_time":21927,"minecraft:fall_one_cm":21319},"minecraft:killed_by":{"minecraft:skeleton":4},"minecraft:dropped":{"minecraft:moss_block":1},"minecraft:picked_up":{"minecraft:stick":3,"minecraft:crafting_table":2,"minecraft:sandstone":25,"minecraft:feather":6,"minecraft:clay_ball":4,"minecraft:jungle_log":29,"minecraft:torch":1,"minecraft:sand":8,"minecraft:azalea":1,"minecraft:moss_block":3,"minecraft:cobblestone":24}},"DataVersion":2975}