{"stats":{"minecraft:killed_by":{"dannys_expansion:desertic_slime":1,"dannys_expansion:ghoul":1},"minecraft:mined":{"minecraft:oak_slab":2,"minecraft:cactus":2,"minecraft:furnace":2,"minecraft:iron_ore":4,"minecraft:dark_oak_log":2,"treechop:chopped_log":1,"goblinsanddungeons:scoria":2,"minecraft:crafting_table":4,"minecraft:grass":1,"minecraft:deepslate_iron_ore":1,"minecraft:vine":1,"minecraft:dead_bush":4,"create:ochrum":7,"minecraft:sand":3,"minecraft:stone":21,"minecraft:moss_block":3,"minecraft:deepslate":9,"minecraft:wall_torch":1,"minecraft:sandstone":8,"minecraft:spruce_slab":2},"minecraft:used":{"minecraft:wooden_axe":13,"minecraft:stone_pickaxe":43,"minecraft:wooden_pickaxe":12,"minecraft:stone_axe":3,"minecraft:torch":1,"minecraft:sand":4,"minecraft:crafting_table":5,"minecraft:furnace":2,"epicfight:uchigatana":49},"minecraft:killed":{"minecraft:spider":1,"minecraft:rabbit":1},"minecraft:custom":{"minecraft:interact_with_furnace":7,"minecraft:time_since_rest":41403,"champions:champion_mobs_killed":1,"minecraft:sprint_one_cm":80243,"minecraft:damage_taken":1435,"minecraft:walk_one_cm":217704,"minecraft:mob_kills":2,"minecraft:drop":3,"minecraft:damage_dealt":1415,"minecraft:swim_one_cm":17185,"minecraft:interact_with_crafting_table":6,"minecraft:fly_one_cm":58755,"minecraft:player_kills":1,"minecraft:open_chest":2,"minecraft:crouch_one_cm":3881,"minecraft:play_time":52779,"minecraft:deaths":2,"minecraft:bell_ring":32,"minecraft:sneak_time":498,"minecraft:walk_under_water_one_cm":3019,"minecraft:jump":390,"minecraft:time_since_death":41375,"minecraft:walk_on_water_one_cm":12644,"minecraft:total_world_time":52779,"minecraft:fall_one_cm":10123},"minecraft:dropped":{"epicfight:uchigatana":2,"supplementaries:flax_seeds":2},"minecraft:picked_up":{"minecraft:raw_iron":9,"minecraft:sandstone":8,"minecraft:crafting_table":4,"minecraft:stick":6,"minecraft:jungle_log":17,"ecologics:prickly_pear":1,"minecraft:torch":1,"minecraft:birch_planks":1,"minecraft:sand":4,"epicfight:uchigatana":2,"minecraft:dark_oak_log":2,"minecraft:dark_oak_planks":14,"minecraft:white_banner":1,"minecraft:cactus":1,"create:ochrum":7,"goblinsanddungeons:scoria":2,"minecraft:azalea":5,"minecraft:rabbit":1,"minecraft:spruce_slab":4,"minecraft:moss_block":3,"minecraft:flowering_azalea":1,"minecraft:cobblestone":21,"minecraft:furnace":2},"minecraft:crafted":{"minecraft:charcoal":1,"minecraft:iron_ingot":4,"minecraft:air":48}},"DataVersion":2975}