{"stat.pickup.tconstruct.book":1,"stat.leaveGame":4,"stat.pickup.silentgems.guide_book":1,"stat.pickup.erebus.death_compass":1,"stat.mineBlock.pvj.short_grass":4,"stat.jump":201,"stat.climbOneCm":686,"stat.fallOneCm":1638,"stat.pickup.mysticalworld.silver_leggings":1,"stat.pickup.minecraft.porkchop":3,"stat.crouchOneCm":894,"stat.pickup.minecraft.dirt":2,"stat.useItem.minecraft.dirt":1,"stat.useItem.minecraft.stone_slab2":81,"stat.mineBlock.tropicraft.flower":1,"stat.useItem.minecraft.water_bucket":3,"stat.pickup.minecraft.rotten_flesh":2,"stat.pickup.tropicraft.flower":1,"stat.pickup.argentina_food_mod.yerbamate":3,"stat.mineBlock.minecraft.leaves2":3,"stat.damageTaken":20,"stat.pickup.minecraft.cobblestone":1,"stat.flyOneCm":240165,"stat.pickup.prefab.item_start_house":1,"stat.pickup.silentgems.fluffypuffseeds":1,"stat.damageDealt":152,"stat.pickup.patchouli.guide_book":1,"stat.timeSinceDeath":6060,"stat.drop.minecraft.diamond":1,"stat.mineBlock.minecraft.dirt":2,"stat.killEntity.Pig":1,"stat.pickup.astralsorcery.itemjournal":1,"stat.walkOneCm":42979,"stat.pickup.roots.wildroot":2,"stat.mineBlock.minecraft.vine":4,"stat.useItem.ic2.te":1,"stat.pickup.minecraft.log":1,"stat.pickup.mysticalworld.silver_helmet":1,"stat.sprintOneCm":8711,"stat.pickup.iceandfire.dragonsteel_fire_sword":1,"stat.pickup.mysticalworld.silver_chestplate":1,"stat.mobKills":1,"stat.pickup.minecraft.leather_leggings":1,"stat.mineBlock.minecraft.log":3,"stat.deaths":1,"stat.drop":3,"stat.mineBlock.minecraft.leaves":1,"stat.playOneMinute":52125,"stat.pickup.mysticalworld.aubergine_seed":2,"stat.pickup.minecraft.red_flower":2,"stat.drop.erebus.death_compass":2,"stat.sneakTime":499,"stat.pickup.astralsorcery.blockmarble":1,"stat.mineBlock.minecraft.tallgrass":2}