{"stat.pickup.tconstruct.book":1,"stat.leaveGame":5,"stat.pickup.silentgems.guide_book":1,"stat.pickup.erebus.death_compass":1,"stat.mineBlock.pvj.short_grass":4,"stat.jump":248,"stat.swimOneCm":517,"stat.mineBlock.pvj.orange_mushroom":1,"stat.climbOneCm":1394,"stat.fallOneCm":5514,"stat.pickup.mysticalworld.silver_leggings":1,"stat.pickup.minecraft.glowstone_dust":1,"stat.pickup.minecraft.porkchop":3,"stat.crouchOneCm":894,"stat.pickup.minecraft.dirt":3,"stat.useItem.minecraft.dirt":1,"stat.useItem.minecraft.stone_slab2":82,"stat.mineBlock.tropicraft.flower":1,"stat.useItem.minecraft.water_bucket":3,"stat.pickup.minecraft.rotten_flesh":2,"stat.pickup.tropicraft.flower":1,"stat.pickup.argentina_food_mod.yerbamate":3,"stat.mineBlock.minecraft.leaves2":4,"stat.damageTaken":110,"stat.mineBlock.minecraft.red_flower":2,"stat.pickup.minecraft.cobblestone":1,"stat.flyOneCm":246691,"stat.pickup.prefab.item_start_house":1,"stat.pickup.silentgems.fluffypuffseeds":1,"stat.damageDealt":152,"stat.pickup.patchouli.guide_book":1,"stat.pickup.pvj.orange_mushroom":1,"stat.timeSinceDeath":7648,"stat.drop.minecraft.diamond":1,"stat.mineBlock.minecraft.dirt":3,"stat.killEntity.Pig":1,"stat.pickup.astralsorcery.itemjournal":1,"stat.walkOneCm":47132,"stat.pickup.roots.wildroot":2,"stat.mineBlock.minecraft.vine":6,"stat.useItem.minecraft.log":3,"stat.useItem.ic2.te":1,"stat.pickup.minecraft.log":5,"stat.pickup.mysticalworld.silver_helmet":1,"stat.sprintOneCm":14940,"stat.pickup.iceandfire.dragonsteel_fire_sword":1,"stat.pickup.mysticalworld.silver_chestplate":1,"stat.mineBlock.minecraft.glowstone":1,"stat.mobKills":1,"stat.pickup.minecraft.leather_leggings":1,"stat.mineBlock.minecraft.log":5,"stat.deaths":1,"stat.drop":3,"stat.mineBlock.minecraft.leaves":1,"stat.playOneMinute":53713,"stat.pickup.mysticalworld.aubergine_seed":2,"stat.pickup.minecraft.red_flower":4,"stat.drop.erebus.death_compass":2,"stat.sneakTime":499,"stat.pickup.astralsorcery.blockmarble":1,"stat.mineBlock.minecraft.tallgrass":2}