{"stats":{"minecraft:killed_by":{"dannys_expansion:ghoul":1,"dannys_expansion:desertic_slime":1},"minecraft:mined":{"minecraft:dead_bush":1},"minecraft:used":{"epicfight:uchigatana":28},"minecraft:killed":{"minecraft:spider":1},"minecraft:custom":{"minecraft:jump":48,"minecraft:time_since_rest":5403,"minecraft:damage_dealt":632,"champions:champion_mobs_killed":1,"minecraft:deaths":2,"minecraft:sprint_one_cm":306,"minecraft:play_time":16779,"minecraft:damage_taken":449,"minecraft:time_since_death":5375,"minecraft:walk_one_cm":23292,"minecraft:total_world_time":16779,"minecraft:mob_kills":1,"minecraft:drop":1,"minecraft:fall_one_cm":418,"minecraft:fly_one_cm":2275},"minecraft:dropped":{"epicfight:uchigatana":1},"minecraft:picked_up":{"epicfight:uchigatana":1,"minecraft:stick":2}},"DataVersion":2975}