{"stat.pickup.tconstruct.book":1,"stat.pickup.astralsorcery.itemjournal":1,"stat.walkOneCm":17627,"stat.pickup.tropicraft.flower":1,"stat.leaveGame":2,"stat.pickup.argentina_food_mod.yerbamate":1,"stat.pickup.mysticalworld.silver_chestplate":1,"stat.pickup.silentgems.guide_book":1,"stat.damageTaken":20,"stat.mobKills":1,"stat.mineBlock.minecraft.log":1,"stat.useItem.ic2.te":1,"stat.pickup.minecraft.log":1,"stat.flyOneCm":124747,"stat.mineBlock.pvj.short_grass":4,"stat.jump":85,"stat.playOneMinute":29677,"stat.climbOneCm":362,"stat.fallOneCm":824,"stat.pickup.mysticalworld.silver_helmet":1,"stat.pickup.prefab.item_start_house":1,"stat.sneakTime":59,"stat.pickup.mysticalworld.silver_leggings":1,"stat.damageDealt":125,"stat.pickup.minecraft.porkchop":3,"stat.pickup.patchouli.guide_book":1,"stat.timeSinceDeath":29677,"stat.sprintOneCm":2299,"stat.useItem.minecraft.stone_slab2":5,"stat.killEntity.Pig":1,"stat.mineBlock.minecraft.tallgrass":2,"stat.mineBlock.tropicraft.flower":1}