{"stats":{"minecraft:killed_by":{"dannys_expansion:desertic_slime":1,"dannys_expansion:ghoul":1},"minecraft:mined":{"minecraft:cactus":2,"minecraft:grass":1,"minecraft:dead_bush":4},"minecraft:used":{"epicfight:uchigatana":41},"minecraft:killed":{"minecraft:rabbit":1,"minecraft:spider":1},"minecraft:custom":{"minecraft:time_since_rest":17403,"minecraft:play_time":28779,"minecraft:crouch_one_cm":634,"minecraft:sprint_one_cm":32458,"champions:champion_mobs_killed":1,"minecraft:walk_one_cm":104863,"minecraft:damage_taken":875,"minecraft:deaths":2,"minecraft:sneak_time":53,"minecraft:walk_under_water_one_cm":760,"minecraft:mob_kills":2,"minecraft:drop":2,"minecraft:jump":162,"minecraft:damage_dealt":1226,"minecraft:walk_on_water_one_cm":585,"minecraft:time_since_death":17375,"minecraft:total_world_time":28779,"minecraft:swim_one_cm":3023,"minecraft:fall_one_cm":2148,"minecraft:fly_one_cm":28581,"minecraft:player_kills":1},"minecraft:dropped":{"epicfight:uchigatana":2},"minecraft:picked_up":{"minecraft:stick":4,"minecraft:cactus":1,"epicfight:uchigatana":2,"minecraft:rabbit":1}},"DataVersion":2975}