{"stats":{"minecraft:killed":{"minecraft:silverfish":1},"minecraft:dropped":{"minecraft:moss_block":1},"minecraft:used":{"minecraft:moss_block":1,"minecraft:stone_pickaxe":36,"minecraft:wooden_pickaxe":14,"minecraft:sandstone":22,"minecraft:iron_sword":6,"minecraft:stone_axe":27,"minecraft:sand":8,"minecraft:cobblestone":14,"minecraft:crafting_table":2},"minecraft:custom":{"minecraft:time_since_rest":1110,"lootr:looted_stat":1,"champions:champion_mobs_killed":1,"minecraft:sprint_one_cm":28755,"minecraft:damage_taken":304,"minecraft:walk_one_cm":47255,"minecraft:mob_kills":1,"minecraft:drop":1,"minecraft:damage_dealt":272,"minecraft:interact_with_crafting_table":5,"minecraft:fly_one_cm":144383,"minecraft:crouch_one_cm":1157,"minecraft:play_time":11360,"minecraft:deaths":1,"minecraft:sneak_time":455,"minecraft:jump":169,"minecraft:walk_on_water_one_cm":2099,"minecraft:time_since_death":1082,"minecraft:climb_one_cm":896,"minecraft:total_world_time":11360,"minecraft:fall_one_cm":7784},"minecraft:picked_up":{"minecraft:stick":2,"minecraft:crafting_table":2,"minecraft:sandstone":25,"minecraft:clay_ball":4,"minecraft:jungle_log":29,"minecraft:sand":8,"minecraft:azalea":1,"minecraft:moss_block":3,"minecraft:cobblestone":24},"minecraft:killed_by":{"minecraft:skeleton":1},"minecraft:mined":{"treechop:chopped_log":4,"minecraft:clay":1,"minecraft:crafting_table":2,"minecraft:jungle_log":7,"minecraft:sand":8,"minecraft:cobblestone":1,"minecraft:stone":23,"minecraft:moss_block":3,"minecraft:sandstone":25,"minecraft:spawner":1},"minecraft:crafted":{"minecraft:air":24}},"DataVersion":2975}