{"stats":{"minecraft:broken":{"jet_and_elias_armors:outrider_set_helmet":1},"minecraft:mined":{"quark:red_corundum":1,"minecraft:oak_slab":2,"minecraft:dark_oak_log":2,"goblinsanddungeons:scoria":10,"minecraft:crafting_table":4,"minecraft:jungle_planks":1,"minecraft:dead_bush":7,"create:ochrum":7,"minecraft:moss_block":3,"minecraft:sandstone":8,"minecraft:wall_torch":2,"minecraft:cactus":2,"minecraft:furnace":2,"iceandfire:copper_ore":1,"minecraft:iron_ore":4,"treechop:chopped_log":1,"minecraft:grass":1,"immersive_weathering:sand_layer_block":1,"minecraft:deepslate_iron_ore":5,"minecraft:vine":1,"minecraft:sand":3,"minecraft:brown_terracotta":1,"minecraft:tripwire_hook":1,"minecraft:stone":21,"minecraft:spruce_slab":2,"minecraft:deepslate":25},"minecraft:picked_up":{"minecraft:crafting_table":4,"minecraft:tripwire_hook":1,"minecraft:jungle_log":17,"minecraft:birch_planks":1,"minecraft:white_banner":1,"minecraft:azalea":10,"minecraft:rabbit":1,"minecraft:spruce_slab":4,"minecraft:moss_block":3,"goblinsanddungeons:scoria":13,"minecraft:flowering_azalea":2,"minecraft:furnace":2,"minecraft:sandstone":8,"minecraft:stick":12,"minecraft:raw_iron":13,"quark:red_corundum_cluster":4,"ecologics:prickly_pear":1,"minecraft:torch":2,"minecraft:sand":4,"epicfight:uchigatana":2,"minecraft:dark_oak_log":2,"minecraft:dark_oak_planks":14,"minecraft:cactus":1,"create:ochrum":7,"minecraft:cobblestone":21},"minecraft:killed":{"minecraft:husk":1,"minecraft:rabbit":1,"minecraft:spider":1,"minecraft:wandering_trader":1,"alexsmobs:elephant":1,"iceandfire:ghost":1,"restored_earth:bouldering_zombie":1},"minecraft:killed_by":{"minecraft:husk":1,"ars_nouveau:wilden_hunter":1,"minecraft:player":1,"dannys_expansion:ghoul":1,"minecraft:skeleton":2,"minecraft:spider":1,"dannys_expansion:desertic_slime":2,"dannys_expansion:monstrous_scorpion":1},"minecraft:crafted":{"minecraft:air":48,"minecraft:charcoal":1,"minecraft:iron_ingot":4},"minecraft:used":{"minecraft:stone_pickaxe":75,"minecraft:wooden_pickaxe":12,"minecraft:torch":1,"minecraft:sand":4,"minecraft:crafting_table":5,"minecraft:dark_oak_planks":4,"minecraft:wooden_axe":13,"minecraft:stone_axe":5,"minecraft:furnace":2,"minecraft:bucket":1,"epicfight:uchigatana":132},"minecraft:custom":{"minecraft:interact_with_furnace":7,"lootr:looted_stat":1,"minecraft:mob_kills":7,"minecraft:interact_with_crafting_table":6,"minecraft:bell_ring":32,"minecraft:leave_game":7,"minecraft:time_since_death":2513,"minecraft:time_since_rest":2541,"minecraft:walk_one_cm":438605,"champions:champion_mobs_killed":4,"minecraft:sprint_one_cm":196131,"minecraft:damage_taken":3464,"minecraft:drop":4,"minecraft:damage_dealt":3682,"minecraft:talked_to_villager":1,"minecraft:swim_one_cm":22997,"minecraft:damage_dealt_absorbed":252,"minecraft:fly_one_cm":204154,"minecraft:player_kills":4,"minecraft:open_chest":2,"minecraft:crouch_one_cm":5886,"minecraft:play_time":132306,"minecraft:deaths":10,"minecraft:sneak_time":862,"minecraft:walk_under_water_one_cm":3320,"minecraft:jump":1109,"minecraft:walk_on_water_one_cm":13004,"minecraft:total_world_time":132306,"minecraft:fall_one_cm":23237},"minecraft:dropped":{"epicfight:uchigatana":2,"supplementaries:flax_seeds":2,"minecraft:spruce_slab":4}},"DataVersion":2975}