{"stats":{"minecraft:dropped":{"epicfight:uchigatana":2,"minecraft:spruce_slab":4,"supplementaries:flax_seeds":2},"minecraft:crafted":{"minecraft:charcoal":1,"minecraft:iron_ingot":4,"minecraft:air":48},"minecraft:custom":{"minecraft:time_since_rest":432,"champions:champion_mobs_killed":1,"minecraft:interact_with_furnace":7,"minecraft:sprint_one_cm":148189,"minecraft:damage_taken":2217,"minecraft:walk_one_cm":296042,"minecraft:mob_kills":2,"minecraft:drop":4,"minecraft:damage_dealt":1666,"minecraft:talked_to_villager":1,"minecraft:swim_one_cm":17185,"minecraft:interact_with_crafting_table":6,"minecraft:fly_one_cm":132429,"minecraft:player_kills":1,"minecraft:open_chest":2,"minecraft:crouch_one_cm":5292,"minecraft:play_time":72288,"minecraft:deaths":4,"minecraft:bell_ring":32,"minecraft:sneak_time":794,"minecraft:walk_under_water_one_cm":3019,"minecraft:jump":782,"minecraft:leave_game":3,"minecraft:walk_on_water_one_cm":12644,"minecraft:time_since_death":407,"minecraft:total_world_time":72288,"minecraft:fall_one_cm":17041},"minecraft:mined":{"quark:red_corundum":1,"minecraft:oak_slab":2,"minecraft:cactus":2,"minecraft:furnace":2,"iceandfire:copper_ore":1,"minecraft:iron_ore":4,"minecraft:dark_oak_log":2,"treechop:chopped_log":1,"goblinsanddungeons:scoria":10,"minecraft:crafting_table":4,"minecraft:grass":1,"minecraft:deepslate_iron_ore":5,"minecraft:vine":1,"minecraft:dead_bush":6,"create:ochrum":7,"minecraft:sand":3,"minecraft:stone":21,"minecraft:moss_block":3,"minecraft:sandstone":8,"minecraft:spruce_slab":2,"minecraft:wall_torch":2,"minecraft:deepslate":25},"minecraft:picked_up":{"minecraft:sandstone":8,"minecraft:crafting_table":4,"minecraft:stick":10,"minecraft:raw_iron":13,"quark:red_corundum_cluster":4,"minecraft:jungle_log":17,"ecologics:prickly_pear":1,"minecraft:torch":2,"minecraft:birch_planks":1,"minecraft:sand":4,"epicfight:uchigatana":2,"minecraft:dark_oak_log":2,"minecraft:white_banner":1,"minecraft:dark_oak_planks":14,"minecraft:cactus":1,"create:ochrum":7,"minecraft:azalea":10,"minecraft:spruce_slab":4,"minecraft:rabbit":1,"minecraft:flowering_azalea":2,"minecraft:moss_block":3,"goblinsanddungeons:scoria":13,"minecraft:cobblestone":21,"minecraft:furnace":2},"minecraft:used":{"minecraft:stone_pickaxe":74,"minecraft:wooden_pickaxe":12,"minecraft:stone_axe":3,"minecraft:torch":1,"minecraft:sand":4,"minecraft:crafting_table":5,"minecraft:furnace":2,"epicfight:uchigatana":57,"minecraft:wooden_axe":13,"minecraft:dark_oak_planks":4},"minecraft:killed":{"minecraft:spider":1,"minecraft:rabbit":1},"minecraft:killed_by":{"ars_nouveau:wilden_hunter":1,"minecraft:player":1,"dannys_expansion:ghoul":1,"dannys_expansion:desertic_slime":1}},"DataVersion":2975}