{"stat.pickup.tconstruct.book":1,"stat.pickup.minecraft.rotten_flesh":2,"stat.pickup.astralsorcery.itemjournal":1,"stat.pickup.iceandfire.dragonsteel_fire_sword":1,"stat.walkOneCm":37658,"stat.pickup.roots.wildroot":2,"stat.pickup.tropicraft.flower":1,"stat.leaveGame":2,"stat.pickup.argentina_food_mod.yerbamate":3,"stat.pickup.mysticalworld.silver_chestplate":1,"stat.pickup.silentgems.guide_book":1,"stat.damageTaken":20,"stat.mobKills":1,"stat.pickup.minecraft.cobblestone":1,"stat.pickup.minecraft.leather_leggings":1,"stat.mineBlock.minecraft.log":1,"stat.useItem.ic2.te":1,"stat.pickup.minecraft.log":1,"stat.flyOneCm":180903,"stat.mineBlock.pvj.short_grass":4,"stat.drop":1,"stat.jump":139,"stat.playOneMinute":41377,"stat.climbOneCm":362,"stat.fallOneCm":824,"stat.pickup.mysticalworld.silver_helmet":1,"stat.pickup.prefab.item_start_house":1,"stat.pickup.mysticalworld.aubergine_seed":2,"stat.pickup.minecraft.red_flower":2,"stat.sneakTime":283,"stat.pickup.mysticalworld.silver_leggings":1,"stat.pickup.silentgems.fluffypuffseeds":1,"stat.damageDealt":152,"stat.pickup.minecraft.porkchop":3,"stat.pickup.astralsorcery.blockmarble":1,"stat.pickup.patchouli.guide_book":1,"stat.crouchOneCm":754,"stat.timeSinceDeath":41377,"stat.sprintOneCm":2565,"stat.drop.minecraft.diamond":1,"stat.useItem.minecraft.stone_slab2":80,"stat.killEntity.Pig":1,"stat.mineBlock.minecraft.tallgrass":2,"stat.mineBlock.tropicraft.flower":1,"stat.useItem.minecraft.water_bucket":3}