{"stats":{"minecraft:mined":{"quark:red_corundum":1,"minecraft:jungle_leaves":7,"minecraft:dark_oak_log":2,"ba_bt:land_chest":1,"minecraft:red_sand":1,"minecraft:yellow_carpet":1,"minecraft:jungle_planks":1,"create:ochrum":7,"minecraft:moss_block":3,"minecraft:sandstone":8,"ecologics:prickly_pear":5,"minecraft:furnace":2,"iceandfire:copper_ore":1,"minecraft:iron_ore":4,"treechop:chopped_log":1,"immersive_weathering:sand_layer_block":1,"minecraft:vine":1,"minecraft:deepslate_iron_ore":5,"minecraft:green_carpet":1,"minecraft:stone":22,"minecraft:blue_orchid":1,"minecraft:spruce_slab":2,"minecraft:oak_slab":2,"ba_bt:bt_land_spawner":1,"goblinsanddungeons:scoria":10,"minecraft:crafting_table":4,"minecraft:torch":2,"minecraft:dead_bush":15,"minecraft:wall_torch":2,"minecraft:cactus":2,"minecraft:coarse_dirt":1,"minecraft:jukebox":1,"minecraft:grass":2,"minecraft:sand":3,"minecraft:brown_terracotta":1,"minecraft:tripwire_hook":1,"minecraft:oak_leaves":4,"minecraft:deepslate":25},"minecraft:killed":{"minecraft:vindicator":1,"minecraft:spider":2,"minecraft:skeleton":1,"bloodandmadness:brainsucker":1,"bloodandmadness:beast_patient":1,"restored_earth:bouldering_zombie":1,"minecraft:husk":1,"minecraft:rabbit":1,"minecraft:wandering_trader":1,"minecraft:pillager":1,"minecraft:zombie":3,"alexsmobs:elephant":1,"iceandfire:ghost":1},"minecraft:killed_by":{"ars_nouveau:summon_wolf":1,"minecraft:husk":1,"minecraft:player":1,"minecraft:spider":44,"restored_earth:bouldering_zombie":7,"minecraft:pillager":2,"dannys_expansion:desertic_slime":4,"dannys_expansion:monstrous_scorpion":1,"minecraft:vindicator":2,"ars_nouveau:wilden_hunter":2,"simple_mobs:imp_bomb":1,"dannys_expansion:ghoul":2,"minecraft:skeleton":83,"tinyskeletons:baby_skeleton":1,"minecraft:zombie":16,"untamedwilds:rhino":1},"minecraft:dropped":{"minecraft:birch_planks":1,"minecraft:glass_bottle":1,"minecraft:minecart":1,"minecraft:cobblestone":7,"minecraft:apple":1,"bloodandmadness:beastblood_clump":2,"minecraft:coal_block":1,"minecraft:mushroom_stew":2,"minecraft:wooden_axe":3,"minecraft:rabbit":1,"ba_bt:land_chest_shard":2,"minecraft:sand":1,"minecraft:string":1,"minecraft:fermented_spider_eye":1,"minecraft:bone":4,"minecraft:stone_axe":1,"rhodonite:item_rhodonite_dust":4,"epicfight:uchigatana":2,"minecraft:coarse_dirt":1,"minecraft:music_disc_otherside":1,"minecraft:iron_hoe":1,"minecraft:flint_and_steel":1,"supplementaries:flax_seeds":2,"minecraft:oak_wood":3,"apotheosis:gem":1,"minecraft:ladder":3,"minecraft:spruce_slab":4,"minecraft:arrow":2,"minecraft:blue_orchid":1,"minecraft:red_sand":1,"minecraft:beef":2,"minecraft:egg":3},"minecraft:custom":{"lootr:looted_stat":21,"minecraft:mob_kills":12,"minecraft:interact_with_crafting_table":6,"minecraft:bell_ring":32,"minecraft:damage_dealt_resisted":238,"minecraft:leave_game":17,"minecraft:time_since_death":22681,"minecraft:climb_one_cm":4443,"minecraft:damage_resisted":27,"minecraft:sprint_one_cm":381117,"champions:champion_mobs_killed":11,"minecraft:walk_one_cm":913726,"minecraft:drop":41,"minecraft:damage_dealt_absorbed":310,"minecraft:talked_to_villager":1,"minecraft:play_time":256216,"minecraft:deaths":172,"minecraft:sneak_time":2398,"minecraft:walk_under_water_one_cm":6797,"minecraft:jump":2035,"minecraft:walk_on_water_one_cm":18374,"minecraft:total_world_time":256216,"minecraft:interact_with_furnace":7,"minecraft:time_since_rest":22711,"minecraft:damage_taken":13096,"minecraft:damage_absorbed":305,"minecraft:damage_dealt":7081,"minecraft:swim_one_cm":120505,"minecraft:fly_one_cm":1024650,"minecraft:player_kills":4,"minecraft:open_chest":16,"minecraft:crouch_one_cm":10786,"minecraft:fall_one_cm":51041},"minecraft:crafted":{"minecraft:air":48,"minecraft:charcoal":1,"minecraft:iron_ingot":4},"minecraft:broken":{"minecraft:iron_leggings":1,"minecraft:leather_chestplate":1,"minecraft:chainmail_boots":1,"jet_and_elias_armors:outrider_set_helmet":1,"epicfight:stone_greatsword":1,"minecraft:turtle_helmet":1},"minecraft:used":{"minecraft:flint_and_steel":2,"minecraft:iron_sword":43,"minecraft:rotten_flesh":5,"minecraft:torch":5,"minecraft:dirt":4,"minecraft:iron_hoe":21,"minecraft:wooden_axe":13,"minecraft:dark_oak_planks":4,"epicfight:stone_greatsword":22,"minecraft:furnace":2,"minecraft:water_bucket":1,"minecraft:stone_pickaxe":77,"minecraft:baked_potato":2,"minecraft:wooden_pickaxe":12,"rhodonite:block_ore_rhodonite":4,"minecraft:golden_apple":3,"minecraft:sand":16,"minecraft:tnt":1,"minecraft:crafting_table":5,"minecraft:diamond_pickaxe":2,"minecraft:command_block":2,"minecraft:stone_axe":32,"minecraft:green_carpet":1,"minecraft:potion":2,"minecraft:bucket":2,"epicfight:uchigatana":169},"minecraft:picked_up":{"minecraft:wooden_axe":3,"irons_spellbooks:scroll":3,"minecraft:crafting_table":7,"minecraft:coarse_dirt":2,"dawncraft:crystallized_xp":1,"minecraft:chainmail_boots":1,"minecraft:ladder":3,"magistuarmory:barbedclub":1,"minecraft:wooden_pickaxe":3,"minecraft:potion":3,"minecraft:shield":1,"minecraft:string":1,"minecraft:experience_bottle":6,"minecraft:blue_orchid":1,"minecraft:red_sand":1,"minecraft:music_disc_otherside":1,"minecraft:beef":2,"minecraft:azalea":40,"minecraft:spruce_slab":4,"minecraft:coal_block":1,"minecraft:furnace":5,"bloodandmadness:pure_quicksilver":2,"minecraft:egg":3,"apotheosis:gem":3,"minecraft:stick":45,"minecraft:raw_iron":52,"minecraft:sandstone":32,"minecraft:jukebox":1,"minecraft:torch":10,"minecraft:carrot":24,"bloodandmadness:beastblood_clump":2,"minecraft:dark_oak_planks":44,"minecraft:cactus":4,"minecraft:arrow":5,"minecraft:rotten_flesh":7,"create:ochrum":28,"rhodonite:item_rhodonite_dust":4,"bloodandmadness:siderite_nugget":1,"bloodandmadness:blood_stone_shard":1,"minecraft:cobblestone":71,"ars_nouveau:drygmy_shard":3,"minecraft:leather_chestplate":1,"minecraft:tripwire_hook":7,"minecraft:water_bucket":3,"minecraft:jungle_log":50,"minecraft:golden_leggings":1,"minecraft:jungle_wood":1,"minecraft:potato":12,"minecraft:filled_map":3,"minecraft:birch_planks":4,"minecraft:mushroom_stew":2,"minecraft:white_banner":4,"minecraft:bone":8,"minecraft:apple":1,"minecraft:iron_ingot":3,"minecraft:stone_pickaxe":3,"minecraft:rabbit":5,"minecraft:moss_block":12,"goblinsanddungeons:scoria":26,"minecraft:flowering_azalea":8,"quark:red_corundum_cluster":16,"epicfight:stone_greatsword":1,"ecologics:prickly_pear":4,"minecraft:sand":4,"epicfight:uchigatana":5,"minecraft:green_carpet":1,"minecraft:dark_oak_log":2,"minecraft:iron_hoe":3,"minecraft:oak_wood":3,"minecraft:yellow_carpet":1,"minecraft:stone_axe":3,"ba_bt:land_chest_shard":2,"minecraft:iron_helmet":1,"minecraft:golden_apple":1,"minecraft:emerald":4,"minecraft:bread":18}},"DataVersion":2975}