{"stats":{"minecraft:killed":{"minecraft:rabbit":1,"minecraft:spider":1,"minecraft:wandering_trader":1,"alexsmobs:elephant":1},"minecraft:custom":{"minecraft:interact_with_furnace":7,"minecraft:mob_kills":4,"minecraft:interact_with_crafting_table":6,"minecraft:bell_ring":32,"minecraft:leave_game":3,"minecraft:time_since_death":2165,"minecraft:time_since_rest":2190,"minecraft:walk_one_cm":316040,"champions:champion_mobs_killed":1,"minecraft:sprint_one_cm":151361,"minecraft:damage_taken":2217,"minecraft:drop":4,"minecraft:damage_dealt":2381,"minecraft:swim_one_cm":17185,"minecraft:talked_to_villager":1,"minecraft:damage_dealt_absorbed":126,"minecraft:fly_one_cm":137508,"minecraft:player_kills":1,"minecraft:open_chest":2,"minecraft:crouch_one_cm":5458,"minecraft:play_time":74046,"minecraft:sneak_time":804,"minecraft:deaths":4,"minecraft:walk_under_water_one_cm":3019,"minecraft:jump":810,"minecraft:walk_on_water_one_cm":12644,"minecraft:total_world_time":74046,"minecraft:fall_one_cm":17728},"minecraft:crafted":{"minecraft:air":48,"minecraft:charcoal":1,"minecraft:iron_ingot":4},"minecraft:dropped":{"epicfight:uchigatana":2,"supplementaries:flax_seeds":2,"minecraft:spruce_slab":4},"minecraft:killed_by":{"ars_nouveau:wilden_hunter":1,"minecraft:player":1,"dannys_expansion:ghoul":1,"dannys_expansion:desertic_slime":1},"minecraft:picked_up":{"minecraft:crafting_table":4,"minecraft:jungle_log":17,"minecraft:birch_planks":1,"minecraft:white_banner":1,"minecraft:azalea":10,"minecraft:rabbit":1,"minecraft:spruce_slab":4,"minecraft:moss_block":3,"goblinsanddungeons:scoria":13,"minecraft:flowering_azalea":2,"minecraft:furnace":2,"minecraft:stick":10,"minecraft:raw_iron":13,"minecraft:sandstone":8,"quark:red_corundum_cluster":4,"ecologics:prickly_pear":1,"minecraft:torch":2,"minecraft:sand":4,"epicfight:uchigatana":2,"minecraft:dark_oak_log":2,"minecraft:dark_oak_planks":14,"minecraft:cactus":1,"create:ochrum":7,"minecraft:cobblestone":21},"minecraft:mined":{"quark:red_corundum":1,"minecraft:oak_slab":2,"minecraft:dark_oak_log":2,"goblinsanddungeons:scoria":10,"minecraft:crafting_table":4,"minecraft:dead_bush":6,"create:ochrum":7,"minecraft:moss_block":3,"minecraft:sandstone":8,"minecraft:wall_torch":2,"minecraft:cactus":2,"minecraft:furnace":2,"iceandfire:copper_ore":1,"minecraft:iron_ore":4,"treechop:chopped_log":1,"minecraft:grass":1,"minecraft:deepslate_iron_ore":5,"minecraft:vine":1,"minecraft:sand":3,"minecraft:stone":21,"minecraft:spruce_slab":2,"minecraft:deepslate":25},"minecraft:used":{"minecraft:stone_pickaxe":74,"minecraft:wooden_pickaxe":12,"minecraft:torch":1,"minecraft:sand":4,"minecraft:crafting_table":5,"minecraft:dark_oak_planks":4,"minecraft:wooden_axe":13,"minecraft:stone_axe":3,"minecraft:furnace":2,"epicfight:uchigatana":69}},"DataVersion":2975}