{"stats":{"minecraft:killed_by":{"dannys_expansion:desertic_slime":1,"dannys_expansion:ghoul":1},"minecraft:mined":{"minecraft:oak_slab":2,"minecraft:cactus":2,"minecraft:dark_oak_log":2,"treechop:chopped_log":1,"minecraft:crafting_table":1,"minecraft:grass":1,"minecraft:vine":1,"minecraft:dead_bush":4,"minecraft:sand":3,"minecraft:stone":7,"minecraft:moss_block":3,"minecraft:sandstone":8,"minecraft:spruce_slab":2},"minecraft:used":{"minecraft:wooden_axe":13,"minecraft:stone_pickaxe":3,"minecraft:wooden_pickaxe":12,"minecraft:sand":4,"minecraft:crafting_table":3,"epicfight:uchigatana":46},"minecraft:killed":{"minecraft:spider":1,"minecraft:rabbit":1},"minecraft:custom":{"minecraft:time_since_rest":29403,"champions:champion_mobs_killed":1,"minecraft:sprint_one_cm":48735,"minecraft:damage_taken":1115,"minecraft:walk_one_cm":155260,"minecraft:mob_kills":2,"minecraft:drop":2,"minecraft:damage_dealt":1258,"minecraft:swim_one_cm":16655,"minecraft:interact_with_crafting_table":4,"minecraft:fly_one_cm":51598,"minecraft:player_kills":1,"minecraft:open_chest":2,"minecraft:crouch_one_cm":3172,"minecraft:play_time":40779,"minecraft:deaths":2,"minecraft:bell_ring":32,"minecraft:sneak_time":408,"minecraft:walk_under_water_one_cm":2362,"minecraft:jump":265,"minecraft:time_since_death":29375,"minecraft:walk_on_water_one_cm":7932,"minecraft:total_world_time":40779,"minecraft:fall_one_cm":5907},"minecraft:dropped":{"epicfight:uchigatana":2},"minecraft:picked_up":{"minecraft:sandstone":8,"minecraft:crafting_table":1,"minecraft:stick":6,"minecraft:jungle_log":15,"ecologics:prickly_pear":1,"minecraft:birch_planks":1,"minecraft:sand":4,"epicfight:uchigatana":2,"minecraft:dark_oak_log":2,"minecraft:white_banner":1,"minecraft:cactus":1,"minecraft:azalea":5,"minecraft:rabbit":1,"minecraft:spruce_slab":4,"minecraft:moss_block":3,"minecraft:flowering_azalea":1,"minecraft:cobblestone":7},"minecraft:crafted":{"minecraft:air":42}},"DataVersion":2975}