{"stats":{"minecraft:crafted":{"minecraft:air":48,"minecraft:charcoal":1,"minecraft:iron_ingot":4},"minecraft:custom":{"lootr:looted_stat":10,"minecraft:mob_kills":10,"minecraft:interact_with_crafting_table":6,"minecraft:bell_ring":32,"minecraft:damage_dealt_resisted":238,"minecraft:leave_game":12,"minecraft:time_since_death":9103,"minecraft:climb_one_cm":3799,"minecraft:sprint_one_cm":310357,"champions:champion_mobs_killed":7,"minecraft:walk_one_cm":688946,"minecraft:drop":29,"minecraft:damage_dealt_absorbed":252,"minecraft:talked_to_villager":1,"minecraft:play_time":175535,"minecraft:deaths":122,"minecraft:sneak_time":1474,"minecraft:walk_under_water_one_cm":5729,"minecraft:jump":1508,"minecraft:walk_on_water_one_cm":16890,"minecraft:total_world_time":175535,"minecraft:interact_with_furnace":7,"minecraft:time_since_rest":9154,"minecraft:damage_taken":10478,"minecraft:damage_absorbed":40,"minecraft:damage_dealt":4753,"minecraft:swim_one_cm":79736,"minecraft:fly_one_cm":364859,"minecraft:player_kills":4,"minecraft:open_chest":16,"minecraft:crouch_one_cm":8992,"minecraft:fall_one_cm":34653},"minecraft:picked_up":{"minecraft:wooden_axe":3,"irons_spellbooks:scroll":3,"minecraft:crafting_table":7,"minecraft:coarse_dirt":2,"minecraft:ladder":3,"minecraft:wooden_pickaxe":3,"minecraft:potion":3,"minecraft:string":1,"minecraft:experience_bottle":6,"minecraft:blue_orchid":1,"minecraft:red_sand":1,"minecraft:music_disc_otherside":1,"minecraft:beef":2,"minecraft:azalea":40,"minecraft:spruce_slab":4,"minecraft:coal_block":1,"minecraft:egg":3,"minecraft:furnace":5,"apotheosis:gem":3,"minecraft:stick":33,"minecraft:raw_iron":52,"minecraft:sandstone":32,"minecraft:torch":8,"minecraft:carrot":24,"minecraft:dark_oak_planks":44,"minecraft:cactus":4,"minecraft:arrow":2,"minecraft:rotten_flesh":7,"create:ochrum":28,"bloodandmadness:blood_stone_shard":1,"minecraft:cobblestone":42,"ars_nouveau:drygmy_shard":3,"minecraft:tripwire_hook":7,"minecraft:water_bucket":3,"minecraft:jungle_log":50,"minecraft:potato":12,"minecraft:filled_map":3,"minecraft:birch_planks":4,"minecraft:mushroom_stew":2,"minecraft:white_banner":4,"minecraft:bone":5,"minecraft:apple":1,"minecraft:iron_ingot":3,"minecraft:stone_pickaxe":3,"minecraft:rabbit":5,"minecraft:moss_block":12,"goblinsanddungeons:scoria":26,"minecraft:flowering_azalea":8,"quark:red_corundum_cluster":16,"epicfight:stone_greatsword":1,"ecologics:prickly_pear":4,"minecraft:sand":4,"epicfight:uchigatana":5,"minecraft:green_carpet":1,"minecraft:dark_oak_log":2,"minecraft:iron_hoe":3,"minecraft:oak_wood":3,"minecraft:stone_axe":3,"ba_bt:land_chest_shard":2,"minecraft:golden_apple":1,"minecraft:emerald":4,"minecraft:bread":18},"minecraft:mined":{"quark:red_corundum":1,"minecraft:dark_oak_log":2,"ba_bt:land_chest":1,"minecraft:red_sand":1,"minecraft:jungle_planks":1,"create:ochrum":7,"minecraft:moss_block":3,"minecraft:sandstone":8,"minecraft:furnace":2,"iceandfire:copper_ore":1,"minecraft:iron_ore":4,"treechop:chopped_log":1,"immersive_weathering:sand_layer_block":1,"minecraft:vine":1,"minecraft:deepslate_iron_ore":5,"minecraft:green_carpet":1,"minecraft:stone":21,"minecraft:blue_orchid":1,"minecraft:spruce_slab":2,"minecraft:oak_slab":2,"ba_bt:bt_land_spawner":1,"goblinsanddungeons:scoria":10,"minecraft:crafting_table":4,"minecraft:dead_bush":7,"minecraft:wall_torch":2,"minecraft:cactus":2,"minecraft:coarse_dirt":1,"minecraft:grass":1,"minecraft:sand":3,"minecraft:brown_terracotta":1,"minecraft:tripwire_hook":1,"minecraft:oak_leaves":4,"minecraft:deepslate":25},"minecraft:killed":{"minecraft:spider":1,"bloodandmadness:beast_patient":1,"restored_earth:bouldering_zombie":1,"minecraft:husk":1,"minecraft:rabbit":1,"minecraft:wandering_trader":1,"minecraft:pillager":1,"minecraft:zombie":2,"alexsmobs:elephant":1,"iceandfire:ghost":1},"minecraft:killed_by":{"ars_nouveau:summon_wolf":1,"minecraft:husk":1,"minecraft:player":1,"minecraft:spider":1,"minecraft:pillager":2,"restored_earth:bouldering_zombie":7,"dannys_expansion:desertic_slime":3,"dannys_expansion:monstrous_scorpion":1,"ars_nouveau:wilden_hunter":2,"dannys_expansion:ghoul":1,"minecraft:skeleton":83,"tinyskeletons:baby_skeleton":1,"minecraft:zombie":16},"minecraft:broken":{"jet_and_elias_armors:outrider_set_helmet":1},"minecraft:used":{"minecraft:rotten_flesh":2,"minecraft:torch":3,"minecraft:dark_oak_planks":4,"minecraft:wooden_axe":13,"epicfight:stone_greatsword":4,"minecraft:furnace":2,"minecraft:water_bucket":1,"minecraft:stone_pickaxe":77,"minecraft:wooden_pickaxe":12,"minecraft:golden_apple":1,"minecraft:sand":4,"minecraft:crafting_table":5,"minecraft:stone_axe":5,"minecraft:green_carpet":1,"minecraft:bucket":2,"epicfight:uchigatana":149},"minecraft:dropped":{"minecraft:birch_planks":1,"minecraft:cobblestone":7,"minecraft:apple":1,"minecraft:mushroom_stew":2,"minecraft:coal_block":1,"minecraft:wooden_axe":1,"minecraft:rabbit":1,"ba_bt:land_chest_shard":2,"minecraft:string":1,"minecraft:bone":4,"epicfight:uchigatana":2,"minecraft:coarse_dirt":1,"minecraft:music_disc_otherside":1,"minecraft:iron_hoe":1,"supplementaries:flax_seeds":2,"minecraft:oak_wood":3,"apotheosis:gem":1,"minecraft:ladder":3,"minecraft:spruce_slab":4,"minecraft:red_sand":1,"minecraft:arrow":2,"minecraft:blue_orchid":1,"minecraft:beef":2,"minecraft:egg":3}},"DataVersion":2975}